,Tool,auROC value
0,Dimont,0.964
1,ChIPMunk,0.961
2,ProBound,0.961
3,MEME,0.942
4,Autoseed,0.944
5,Homer,0.94
6,STREME,0.941
7,DimontHTS,0.96
8,ExplaiNN,0.929
9,RCade,0.816
10,Best,0.964
11,Dimont,0.863
12,ChIPMunk,0.837
13,ProBound,0.838
14,MEME,0.839
15,Autoseed,0.833
16,Homer,0.806
17,STREME,0.816
18,DimontHTS,0.759
19,ExplaiNN,0.824
20,RCade,0.804
21,Best,0.863
22,Dimont,0.963
23,ChIPMunk,0.966
24,ProBound,0.938
25,MEME,0.966
26,Autoseed,0.966
27,Homer,0.964
28,STREME,0.965
29,DimontHTS,0.947
30,ExplaiNN,0.963
31,RCade,0.824
32,Best,0.966
33,Dimont,0.953
34,ChIPMunk,0.926
35,ProBound,0.936
36,MEME,0.948
37,Autoseed,0.94
38,Homer,0.936
39,STREME,0.938
40,DimontHTS,0.953
41,ExplaiNN,0.876
42,RCade,0.539
43,Best,0.953
44,Dimont,0.92
45,ChIPMunk,0.902
46,ProBound,0.918
47,MEME,0.89
48,Autoseed,0.891
49,Homer,0.883
50,STREME,0.873
51,DimontHTS,0.92
52,ExplaiNN,0.852
53,RCade,0.486
54,Best,0.984
55,Dimont,0.924
56,ChIPMunk,0.908
57,ProBound,0.91
58,MEME,0.89
59,Autoseed,0.878
60,Homer,0.868
61,STREME,0.86
62,DimontHTS,0.92
63,ExplaiNN,0.844
64,RCade,0.479
65,Best,0.846
66,Dimont,0.984
67,ChIPMunk,0.978
68,ProBound,0.968
69,MEME,0.975
70,Autoseed,0.98
71,Homer,0.975
72,STREME,0.979
73,DimontHTS,0.941
74,ExplaiNN,0.979
75,RCade,0.51
76,Best,0.867
77,Dimont,0.795
78,ChIPMunk,0.786
79,ProBound,0.723
80,MEME,0.816
81,Autoseed,0.709
82,Homer,0.775
83,STREME,0.712
84,DimontHTS,0.753
85,ExplaiNN,0.795
86,RCade,0.425
87,Best,0.815
88,Dimont,0.83
89,ChIPMunk,0.793
90,ProBound,0.714
91,MEME,0.846
92,Autoseed,0.694
93,Homer,0.771
94,STREME,0.674
95,DimontHTS,0.768
96,ExplaiNN,0.819
97,RCade,0.766
98,Best,0.944
99,Dimont,0.858
100,ChIPMunk,0.856
101,ProBound,0.867
102,MEME,0.832
103,Autoseed,0.847
104,Homer,0.838
105,STREME,0.753
106,DimontHTS,0.659
107,ExplaiNN,0.784
108,RCade,0.956
109,Best,0.881
110,Dimont,0.815
111,ChIPMunk,0.76
112,ProBound,0.733
113,MEME,0.741
114,Autoseed,0.739
115,Homer,0.731
116,STREME,0.731
117,DimontHTS,0.759
118,ExplaiNN,0.748
119,RCade,0.584
120,Best,0.986
121,Dimont,0.681
122,ChIPMunk,0.638
123,ProBound,0.588
124,MEME,0.619
125,Autoseed,0.635
126,Homer,0.593
127,STREME,0.609
128,DimontHTS,0.633
129,ExplaiNN,0.623
130,RCade,0.789
131,Best,0.971
132,Dimont,0.637
133,ChIPMunk,0.78
134,ProBound,0.79
135,MEME,0.557
136,Autoseed,0.711
137,Homer,0.872
138,STREME,0.484
139,DimontHTS,0.799
140,ExplaiNN,0.892
141,RCade,0.788
142,Best,0.796
143,Dimont,0.634
144,ChIPMunk,0.821
145,ProBound,0.798
146,MEME,0.572
147,Autoseed,0.689
148,Homer,0.906
149,STREME,0.47
150,DimontHTS,0.835
151,ExplaiNN,0.944
152,RCade,0.873
153,Best,0.979
154,Dimont,0.537
155,ChIPMunk,0.565
156,ProBound,0.881
157,MEME,0.536
158,Autoseed,0.575
159,Homer,0.488
160,STREME,0.565
161,DimontHTS,0.61
162,ExplaiNN,0.504
163,RCade,0.919
164,Best,0.877
165,Dimont,0.443
166,ChIPMunk,0.47
167,ProBound,0.858
168,MEME,0.421
169,Autoseed,0.465
170,Homer,0.418
171,STREME,0.464
172,DimontHTS,0.546
173,ExplaiNN,0.427
174,RCade,0.416
175,Best,0.991
176,Dimont,0.825
177,ChIPMunk,0.784
178,ProBound,0.764
179,MEME,0.771
180,Autoseed,0.748
181,Homer,0.793
182,STREME,0.771
183,DimontHTS,0.789
184,ExplaiNN,0.805
185,RCade,0.729
186,Best,0.821
187,Dimont,0.984
188,ChIPMunk,0.986
189,ProBound,0.967
190,MEME,0.969
191,Autoseed,0.98
192,Homer,0.979
193,STREME,0.895
194,DimontHTS,0.961
195,ExplaiNN,0.915
196,RCade,0.839
197,Best,0.895
198,Dimont,0.786
199,ChIPMunk,0.786
200,ProBound,0.819
201,MEME,0.775
202,Autoseed,0.798
203,Homer,0.761
204,STREME,0.764
205,DimontHTS,0.952
206,ExplaiNN,0.894
207,RCade,0.592
208,Best,0.985
209,Dimont,0.815
210,ChIPMunk,0.816
211,ProBound,0.833
212,MEME,0.804
213,Autoseed,0.832
214,Homer,0.766
215,STREME,0.785
216,DimontHTS,0.971
217,ExplaiNN,0.899
218,RCade,0.734
219,Best,0.941
220,Dimont,0.756
221,ChIPMunk,0.73
222,ProBound,0.782
223,MEME,0.741
224,Autoseed,0.777
225,Homer,0.759
226,STREME,0.698
227,DimontHTS,0.796
228,ExplaiNN,0.737
229,RCade,0.544
230,Best,0.921
231,Dimont,0.637
232,ChIPMunk,0.552
233,ProBound,0.704
234,MEME,0.566
235,Autoseed,0.604
236,Homer,0.507
237,STREME,0.621
238,DimontHTS,0.687
239,ExplaiNN,0.608
240,RCade,0.739
241,Best,0.862
242,Dimont,0.968
243,ChIPMunk,0.907
244,ProBound,0.919
245,MEME,0.863
246,Autoseed,0.979
247,Homer,0.845
248,STREME,0.899
249,DimontHTS,0.949
250,ExplaiNN,0.832
251,RCade,0.56
252,Best,0.904
253,Dimont,0.821
254,ChIPMunk,0.818
255,ProBound,0.729
256,MEME,0.815
257,Autoseed,0.785
258,Homer,0.877
259,STREME,0.814
260,DimontHTS,0.79
261,ExplaiNN,0.825
262,RCade,0.347
263,Best,0.947
264,Dimont,0.899
265,ChIPMunk,0.748
266,ProBound,0.846
267,MEME,0.878
268,Autoseed,0.925
269,Homer,0.683
270,STREME,0.826
271,DimontHTS,0.729
272,ExplaiNN,0.668
273,RCade,0.832
274,Best,0.998
275,Dimont,0.991
276,ChIPMunk,0.876
277,ProBound,0.941
278,MEME,0.947
279,Autoseed,0.968
280,Homer,0.796
281,STREME,0.976
282,DimontHTS,0.95
283,ExplaiNN,0.771
284,RCade,0.339
285,Best,0.959
286,Dimont,0.383
287,ChIPMunk,0.443
288,ProBound,0.534
289,MEME,0.483
290,Autoseed,0.455
291,Homer,0.547
292,STREME,0.416
293,DimontHTS,0.477
294,ExplaiNN,0.468
295,RCade,0.351
296,Best,0.864
297,Dimont,0.821
298,ChIPMunk,0.765
299,ProBound,0.735
300,MEME,0.764
301,Autoseed,0.765
302,Homer,0.748
303,STREME,0.756
304,DimontHTS,0.741
305,ExplaiNN,0.733
306,RCade,0.401
307,Best,0.973
308,Dimont,0.895
309,ChIPMunk,0.831
310,ProBound,0.723
311,MEME,0.842
312,Autoseed,0.817
313,Homer,0.847
314,STREME,0.826
315,DimontHTS,0.78
316,ExplaiNN,0.747
317,RCade,0.889
318,Best,0.987
319,Dimont,0.714
320,ChIPMunk,0.577
321,ProBound,0.611
322,MEME,0.586
323,Autoseed,0.583
324,Homer,0.607
325,STREME,0.59
326,DimontHTS,0.599
327,ExplaiNN,0.515
328,RCade,0.874
329,Best,0.863
330,Dimont,0.927
331,ChIPMunk,0.952
332,ProBound,0.973
333,MEME,0.934
334,Autoseed,0.964
335,Homer,0.921
336,STREME,0.952
337,DimontHTS,0.985
338,ExplaiNN,0.946
339,RCade,0.888
340,Best,0.923
341,Dimont,0.933
342,ChIPMunk,0.924
343,ProBound,0.965
344,MEME,0.9
345,Autoseed,0.961
346,Homer,0.886
347,STREME,0.92
348,DimontHTS,0.977
349,ExplaiNN,0.913
350,RCade,0.927
351,Best,0.856
352,Dimont,0.904
353,ChIPMunk,0.902
354,ProBound,0.906
355,MEME,0.925
356,Autoseed,0.864
357,Homer,0.881
358,STREME,0.916
359,DimontHTS,0.941
360,ExplaiNN,0.9
361,RCade,0.946
362,Best,0.518
363,Dimont,0.892
364,ChIPMunk,0.852
365,ProBound,0.921
366,MEME,0.876
367,Autoseed,0.823
368,Homer,0.765
369,STREME,0.809
370,DimontHTS,0.835
371,ExplaiNN,0.795
372,RCade,0.96
373,Best,0.796
374,Dimont,0.853
375,ChIPMunk,0.829
376,ProBound,0.88
377,MEME,0.847
378,Autoseed,0.824
379,Homer,0.719
380,STREME,0.769
381,DimontHTS,0.797
382,ExplaiNN,0.748
383,RCade,0.996
384,Best,0.988
385,Dimont,0.739
386,ChIPMunk,0.801
387,ProBound,0.822
388,MEME,0.825
389,Autoseed,0.553
390,Homer,0.831
391,STREME,0.818
392,DimontHTS,0.834
393,ExplaiNN,0.862
394,RCade,0.521
395,Best,0.997
396,Dimont,0.55
397,ChIPMunk,0.549
398,ProBound,0.51
399,MEME,0.574
400,Autoseed,0.889
401,Homer,0.594
402,STREME,0.513
403,DimontHTS,0.596
404,ExplaiNN,0.618
405,RCade,0.89
406,Best,0.909
407,Dimont,0.853
408,ChIPMunk,0.888
409,ProBound,0.903
410,MEME,0.886
411,Autoseed,0.689
412,Homer,0.881
413,STREME,0.849
414,DimontHTS,0.904
415,ExplaiNN,0.885
416,RCade,0.968
417,Best,0.923
418,Dimont,0.648
419,ChIPMunk,0.694
420,ProBound,0.704
421,MEME,0.589
422,Autoseed,0.833
423,Homer,0.581
424,STREME,0.622
425,DimontHTS,0.689
426,ExplaiNN,0.644
427,RCade,0.86
428,Best,0.931
429,Dimont,0.801
430,ChIPMunk,0.847
431,ProBound,0.877
432,MEME,0.89
433,Autoseed,0.797
434,Homer,0.863
435,STREME,0.726
436,DimontHTS,0.87
437,ExplaiNN,0.83
438,RCade,0.584
439,Best,0.814
440,Dimont,0.704
441,ChIPMunk,0.774
442,ProBound,0.819
443,MEME,0.633
444,Autoseed,0.946
445,Homer,0.631
446,STREME,0.69
447,DimontHTS,0.79
448,ExplaiNN,0.732
449,RCade,0.721
450,Best,0.936
451,Dimont,0.947
452,ChIPMunk,0.943
453,ProBound,0.932
454,MEME,0.933
455,Autoseed,0.997
456,Homer,0.947
457,STREME,0.925
458,DimontHTS,0.933
459,ExplaiNN,0.862
460,RCade,0.598
461,Best,0.969
462,Dimont,0.998
463,ChIPMunk,0.995
464,ProBound,0.997
465,MEME,0.984
466,Autoseed,0.8
467,Homer,0.997
468,STREME,0.994
469,DimontHTS,0.997
470,ExplaiNN,0.995
471,RCade,0.842
472,Best,0.997
473,Dimont,0.915
474,ChIPMunk,0.959
475,ProBound,0.875
476,MEME,0.951
477,Autoseed,0.843
478,Homer,0.937
479,STREME,0.921
480,DimontHTS,0.91
481,ExplaiNN,0.829
482,RCade,0.724
483,Best,0.976
484,Dimont,0.895
485,ChIPMunk,0.929
486,ProBound,0.828
487,MEME,0.917
488,Autoseed,0.752
489,Homer,0.916
490,STREME,0.888
491,DimontHTS,0.879
492,ExplaiNN,0.877
493,RCade,0.629
494,Best,0.823
495,Dimont,0.864
496,ChIPMunk,0.75
497,ProBound,0.804
498,MEME,0.699
499,Autoseed,0.972
500,Homer,0.606
501,STREME,0.632
502,DimontHTS,0.737
503,ExplaiNN,0.64
504,RCade,0.709
505,Best,0.94
506,Dimont,0.973
507,ChIPMunk,0.966
508,ProBound,0.961
509,MEME,0.972
510,Autoseed,0.937
511,Homer,0.948
512,STREME,0.973
513,DimontHTS,0.953
514,ExplaiNN,0.948
515,RCade,0.923
516,Best,0.99
517,Dimont,0.956
518,ChIPMunk,0.952
519,ProBound,0.928
520,MEME,0.95
521,Autoseed,0.807
522,Homer,0.943
523,STREME,0.945
524,DimontHTS,0.897
525,ExplaiNN,0.889
526,RCade,0.844
527,Best,0.917
528,Dimont,0.961
529,ChIPMunk,0.961
530,ProBound,0.953
531,MEME,0.952
532,Autoseed,0.899
533,Homer,0.946
534,STREME,0.905
535,DimontHTS,0.962
536,ExplaiNN,0.877
537,RCade,0.835
538,Best,0.909
539,Dimont,0.987
540,ChIPMunk,0.972
541,ProBound,0.982
542,MEME,0.986
543,Autoseed,0.831
544,Homer,0.933
545,STREME,0.982
546,DimontHTS,0.955
547,ExplaiNN,0.796
548,RCade,0.708
549,Best,0.789
550,Dimont,0.863
551,ChIPMunk,0.849
552,ProBound,0.838
553,MEME,0.842
554,Autoseed,0.427
555,Homer,0.837
556,STREME,0.813
557,DimontHTS,0.795
558,ExplaiNN,0.636
559,RCade,0.692
560,Best,0.785
561,Dimont,0.901
562,ChIPMunk,0.884
563,ProBound,0.92
564,MEME,0.898
565,Autoseed,0.636
566,Homer,0.902
567,STREME,0.763
568,DimontHTS,0.923
569,ExplaiNN,0.889
570,RCade,0.509
571,Best,0.878
572,Dimont,0.832
573,ChIPMunk,0.851
574,ProBound,0.844
575,MEME,0.809
576,Autoseed,0.796
577,Homer,0.837
578,STREME,0.839
579,DimontHTS,0.856
580,ExplaiNN,0.83
581,RCade,0.493
582,Best,0.933
583,Dimont,0.518
584,ChIPMunk,0.376
585,ProBound,0.34
586,MEME,0.408
587,Autoseed,0.978
588,Homer,0.433
589,STREME,0.482
590,DimontHTS,0.37
591,ExplaiNN,0.377
592,RCade,0.743
593,Best,0.955
594,Dimont,0.666
595,ChIPMunk,0.643
596,ProBound,0.696
597,MEME,0.61
598,Autoseed,0.997
599,Homer,0.716
600,STREME,0.665
601,DimontHTS,0.744
602,ExplaiNN,0.63
603,RCade,0.767
604,Best,0.865
605,Dimont,0.742
606,ChIPMunk,0.713
607,ProBound,0.794
608,MEME,0.757
609,Autoseed,0.89
610,Homer,0.731
611,STREME,0.712
612,DimontHTS,0.723
613,ExplaiNN,0.706
614,RCade,0.95
615,Best,0.945
616,Dimont,0.988
617,ChIPMunk,0.979
618,ProBound,0.985
619,MEME,0.984
620,Autoseed,0.882
621,Homer,0.975
622,STREME,0.977
623,DimontHTS,0.985
624,ExplaiNN,0.964
625,RCade,0.989
626,Best,0.784
627,Dimont,0.988
628,ChIPMunk,0.988
629,ProBound,0.994
630,MEME,0.992
631,Autoseed,0.881
632,Homer,0.995
633,STREME,0.995
634,DimontHTS,0.993
635,ExplaiNN,0.991
636,RCade,0.898
637,Best,0.925
638,Dimont,0.891
639,ChIPMunk,0.909
640,ProBound,0.906
641,MEME,0.894
642,Autoseed,0.93
643,Homer,0.897
644,STREME,0.893
645,DimontHTS,0.773
646,ExplaiNN,0.895
647,RCade,0.922
648,Best,0.885
649,Dimont,0.883
650,ChIPMunk,0.882
651,ProBound,0.88
652,MEME,0.878
653,Autoseed,0.659
654,Homer,0.88
655,STREME,0.879
656,DimontHTS,0.89
657,ExplaiNN,0.885
658,RCade,0.912
659,Best,0.928
660,Dimont,0.883
661,ChIPMunk,0.923
662,ProBound,0.882
663,MEME,0.882
664,Autoseed,0.801
665,Homer,0.887
666,STREME,0.884
667,DimontHTS,0.879
668,ExplaiNN,0.914
669,RCade,0.797
670,Best,0.99
671,Dimont,0.921
672,ChIPMunk,0.924
673,ProBound,0.906
674,MEME,0.93
675,Autoseed,0.938
676,Homer,0.902
677,STREME,0.603
678,DimontHTS,0.931
679,ExplaiNN,0.92
680,RCade,0.539
681,Best,0.911
682,Dimont,0.797
683,ChIPMunk,0.641
684,ProBound,0.814
685,MEME,0.663
686,Autoseed,0.953
687,Homer,0.681
688,STREME,0.621
689,DimontHTS,0.658
690,ExplaiNN,0.662
691,RCade,0.384
692,Best,0.976
693,Dimont,0.84
694,ChIPMunk,0.837
695,ProBound,0.841
696,MEME,0.936
697,Autoseed,0.996
698,Homer,0.92
699,STREME,0.813
700,DimontHTS,0.732
701,ExplaiNN,0.805
702,RCade,0.617
703,Best,0.857
704,Dimont,0.956
705,ChIPMunk,0.948
706,ProBound,0.942
707,MEME,0.942
708,Autoseed,0.967
709,Homer,0.922
710,STREME,0.94
711,DimontHTS,0.934
712,ExplaiNN,0.941
713,RCade,0.791
714,Best,0.992
715,Dimont,0.969
716,ChIPMunk,0.965
717,ProBound,0.951
718,MEME,0.948
719,Autoseed,0.936
720,Homer,0.938
721,STREME,0.941
722,DimontHTS,0.958
723,ExplaiNN,0.958
724,RCade,0.851
725,Best,0.911
726,Dimont,0.994
727,ChIPMunk,0.996
728,ProBound,0.97
729,MEME,0.99
730,Autoseed,0.803
731,Homer,0.965
732,STREME,0.991
733,DimontHTS,0.975
734,ExplaiNN,0.997
735,RCade,0.869
736,Best,0.864
737,Dimont,0.933
738,ChIPMunk,0.969
739,ProBound,0.976
740,MEME,0.956
741,Autoseed,0.908
742,Homer,0.962
743,STREME,0.775
744,DimontHTS,0.955
745,ExplaiNN,0.951
746,RCade,0.73
747,Best,0.842
748,Dimont,0.897
749,ChIPMunk,0.936
750,ProBound,0.953
751,MEME,0.919
752,Autoseed,0.888
753,Homer,0.928
754,STREME,0.736
755,DimontHTS,0.823
756,ExplaiNN,0.923
757,RCade,0.658
758,Best,0.971
759,Dimont,0.626
760,ChIPMunk,0.605
761,ProBound,0.715
762,MEME,0.544
763,Autoseed,0.682
764,Homer,0.608
765,STREME,0.547
766,DimontHTS,0.916
767,ExplaiNN,0.514
768,RCade,0.332
769,Best,0.926
770,Dimont,0.94
771,ChIPMunk,0.439
772,ProBound,0.938
773,MEME,0.903
774,Autoseed,0.87
775,Homer,0.597
776,STREME,0.481
777,DimontHTS,0.912
778,ExplaiNN,0.937
779,RCade,0.701
780,Best,0.816
781,Dimont,0.963
782,ChIPMunk,0.837
783,ProBound,0.962
784,MEME,0.881
785,Autoseed,0.721
786,Homer,0.91
787,STREME,0.857
788,DimontHTS,0.739
789,ExplaiNN,0.779
790,RCade,0.651
791,Best,0.993
792,Dimont,0.99
793,ChIPMunk,0.923
794,ProBound,0.988
795,MEME,0.953
796,Autoseed,0.722
797,Homer,0.929
798,STREME,0.898
799,DimontHTS,0.888
800,ExplaiNN,0.807
801,RCade,0.615
802,Best,0.857
803,Dimont,0.917
804,ChIPMunk,0.909
805,ProBound,0.863
806,MEME,0.802
807,Autoseed,0.795
808,Homer,0.852
809,STREME,0.885
810,DimontHTS,0.747
811,ExplaiNN,0.847
812,RCade,0.36
813,Best,0.836
814,Dimont,0.662
815,ChIPMunk,0.713
816,ProBound,0.872
817,MEME,0.763
818,Autoseed,0.913
819,Homer,0.793
820,STREME,0.736
821,DimontHTS,0.785
822,ExplaiNN,0.635
823,RCade,0.74
824,Best,0.989
825,Dimont,0.856
826,ChIPMunk,0.874
827,ProBound,0.901
828,MEME,0.87
829,Autoseed,0.9
830,Homer,0.909
831,STREME,0.87
832,DimontHTS,0.801
833,ExplaiNN,0.762
834,RCade,0.824
835,Best,0.96
836,Dimont,0.784
837,ChIPMunk,0.642
838,ProBound,0.789
839,MEME,0.716
840,Autoseed,0.955
841,Homer,0.558
842,STREME,0.546
843,DimontHTS,0.894
844,ExplaiNN,0.688
845,RCade,0.95
846,Best,0.966
847,Dimont,0.785
848,ChIPMunk,0.728
849,ProBound,0.772
850,MEME,0.736
851,Autoseed,0.629
852,Homer,0.729
853,STREME,0.697
854,DimontHTS,0.933
855,ExplaiNN,0.629
856,RCade,0.934
857,Best,0.737
858,Dimont,0.878
859,ChIPMunk,0.803
860,ProBound,0.867
861,MEME,0.842
862,Autoseed,0.729
863,Homer,0.862
864,STREME,0.863
865,DimontHTS,0.953
866,ExplaiNN,0.853
867,RCade,0.971
868,Best,0.878
869,Dimont,0.901
870,ChIPMunk,0.908
871,ProBound,0.87
872,MEME,0.89
873,Autoseed,0.658
874,Homer,0.873
875,STREME,0.885
876,DimontHTS,0.641
877,ExplaiNN,0.881
878,RCade,0.637
879,Best,0.925
880,Dimont,0.92
881,ChIPMunk,0.875
882,ProBound,0.918
883,MEME,0.854
884,Autoseed,0.925
885,Homer,0.883
886,STREME,0.877
887,DimontHTS,0.805
888,ExplaiNN,0.876
889,RCade,0.819
890,Best,0.783
891,Dimont,0.902
892,ChIPMunk,0.806
893,ProBound,0.921
894,MEME,0.89
895,Autoseed,0.784
896,Homer,0.435
897,STREME,0.404
898,DimontHTS,0.628
899,ExplaiNN,0.43
900,RCade,0.85
901,Best,0.994
902,Dimont,0.432
903,ChIPMunk,0.455
904,ProBound,0.697
905,MEME,0.501
906,Autoseed,0.714
907,Homer,0.439
908,STREME,0.669
909,DimontHTS,0.874
910,ExplaiNN,0.429
911,RCade,0.755
912,Best,0.828
913,Dimont,0.562
914,ChIPMunk,0.605
915,ProBound,0.865
916,MEME,0.692
917,Autoseed,0.909
918,Homer,0.606
919,STREME,0.758
920,DimontHTS,0.738
921,ExplaiNN,0.502
922,RCade,0.59
923,Best,0.97
924,Dimont,0.352
925,ChIPMunk,0.391
926,ProBound,0.718
927,MEME,0.465
928,Autoseed,0.837
929,Homer,0.369
930,STREME,0.707
931,DimontHTS,0.65
932,ExplaiNN,0.403
933,RCade,0.794
934,Best,0.789
935,Dimont,0.945
936,ChIPMunk,0.934
937,ProBound,0.903
938,MEME,0.909
939,Autoseed,0.855
940,Homer,0.589
941,STREME,0.54
942,DimontHTS,0.91
943,ExplaiNN,0.549
944,RCade,0.741
945,Best,0.862
946,Dimont,0.729
947,ChIPMunk,0.704
948,ProBound,0.765
949,MEME,0.57
950,Autoseed,0.688
951,Homer,0.71
952,STREME,0.554
953,DimontHTS,0.812
954,ExplaiNN,0.688
955,Best,0.904
956,Dimont,0.647
957,ChIPMunk,0.634
958,ProBound,0.676
959,MEME,0.628
960,Autoseed,0.761
961,Homer,0.654
962,STREME,0.567
963,DimontHTS,0.829
964,ExplaiNN,0.602
965,Best,0.817
966,Dimont,0.925
967,ChIPMunk,0.906
968,ProBound,0.919
969,MEME,0.882
970,Autoseed,0.94
971,Homer,0.887
972,STREME,0.843
973,DimontHTS,0.566
974,ExplaiNN,0.895
975,Best,0.972
976,Dimont,0.794
977,ChIPMunk,0.709
978,ProBound,0.885
979,MEME,0.664
980,Autoseed,0.911
981,Homer,0.553
982,STREME,0.688
983,DimontHTS,0.867
984,ExplaiNN,0.615
985,Best,0.974
986,Dimont,0.928
987,ChIPMunk,0.895
988,ProBound,0.864
989,MEME,0.881
990,Autoseed,0.817
991,Homer,0.905
992,STREME,0.869
993,DimontHTS,0.99
994,ExplaiNN,0.86
995,Best,0.765
996,Dimont,0.724
997,ChIPMunk,0.581
998,ProBound,0.609
999,MEME,0.588
1000,Autoseed,0.972
1001,Homer,0.548
1002,STREME,0.688
1003,DimontHTS,0.91
1004,ExplaiNN,0.431
1005,Best,0.901
1006,Dimont,0.755
1007,ChIPMunk,0.57
1008,ProBound,0.843
1009,MEME,0.577
1010,Autoseed,0.943
1011,Homer,0.711
1012,STREME,0.761
1013,DimontHTS,0.842
1014,ExplaiNN,0.61
1015,Best,0.775
1016,Dimont,0.799
1017,ChIPMunk,0.979
1018,ProBound,0.954
1019,MEME,0.842
1020,Autoseed,0.648
1021,Homer,0.513
1022,STREME,0.541
1023,DimontHTS,0.966
1024,ExplaiNN,0.813
1025,Best,0.964
1026,Dimont,0.896
1027,ChIPMunk,0.911
1028,ProBound,0.89
1029,MEME,0.893
1030,Autoseed,0.992
1031,Homer,0.905
1032,STREME,0.898
1033,DimontHTS,0.939
1034,ExplaiNN,0.832
1035,Best,0.965
1036,Dimont,0.82
1037,ChIPMunk,0.801
1038,ProBound,0.827
1039,MEME,0.802
1040,Autoseed,0.72
1041,Homer,0.773
1042,STREME,0.789
1043,DimontHTS,0.857
1044,ExplaiNN,0.784
1045,Best,0.933
1046,Dimont,0.976
1047,ChIPMunk,0.958
1048,ProBound,0.966
1049,MEME,0.932
1050,Autoseed,0.836
1051,Homer,0.973
1052,STREME,0.933
1053,DimontHTS,0.959
1054,ExplaiNN,0.934
1055,Best,0.773
1056,Dimont,0.949
1057,ChIPMunk,0.93
1058,ProBound,0.929
1059,MEME,0.907
1060,Autoseed,0.82
1061,Homer,0.921
1062,STREME,0.906
1063,DimontHTS,0.9
1064,ExplaiNN,0.897
1065,Best,0.925
1066,Dimont,0.816
1067,ChIPMunk,0.727
1068,ProBound,0.777
1069,MEME,0.62
1070,Autoseed,0.535
1071,Homer,0.653
1072,STREME,0.67
1073,DimontHTS,0.832
1074,ExplaiNN,0.652
1075,Best,0.758
1076,Dimont,0.969
1077,ChIPMunk,0.989
1078,ProBound,0.944
1079,MEME,0.966
1080,Autoseed,0.499
1081,Homer,0.96
1082,STREME,0.967
1083,DimontHTS,0.723
1084,ExplaiNN,0.977
1085,Best,0.783
1086,Dimont,0.911
1087,ChIPMunk,0.836
1088,ProBound,0.896
1089,MEME,0.869
1090,Autoseed,0.938
1091,Homer,0.85
1092,STREME,0.852
1093,DimontHTS,0.598
1094,ExplaiNN,0.855
1095,Best,0.936
1096,Dimont,0.849
1097,ChIPMunk,0.781
1098,ProBound,0.864
1099,MEME,0.772
1100,Autoseed,0.947
1101,Homer,0.838
1102,STREME,0.787
1103,DimontHTS,0.584
1104,ExplaiNN,0.807
1105,Best,0.911
1106,Dimont,0.842
1107,ChIPMunk,0.768
1108,ProBound,0.785
1109,MEME,0.791
1110,Autoseed,0.971
1111,Homer,0.812
1112,STREME,0.821
1113,DimontHTS,0.919
1114,ExplaiNN,0.73
1115,Best,0.77
1116,Dimont,0.561
1117,ChIPMunk,0.514
1118,ProBound,0.521
1119,MEME,0.513
1120,Autoseed,0.875
1121,Homer,0.527
1122,STREME,0.499
1123,DimontHTS,0.942
1124,ExplaiNN,0.532
1125,Best,0.964
1126,Dimont,0.552
1127,ChIPMunk,0.499
1128,ProBound,0.508
1129,MEME,0.468
1130,Autoseed,0.906
1131,Homer,0.498
1132,STREME,0.467
1133,DimontHTS,0.964
1134,ExplaiNN,0.468
1135,Best,0.976
1136,Dimont,0.916
1137,ChIPMunk,0.65
1138,ProBound,0.897
1139,MEME,0.866
1140,Autoseed,0.919
1141,Homer,0.793
1142,STREME,0.874
1143,DimontHTS,0.876
1144,ExplaiNN,0.884
1145,Best,0.825
1146,Dimont,0.913
1147,ChIPMunk,0.703
1148,ProBound,0.908
1149,MEME,0.907
1150,Autoseed,0.866
1151,Homer,0.845
1152,STREME,0.885
1153,DimontHTS,0.919
1154,ExplaiNN,0.87
1155,Best,0.949
1156,Dimont,0.929
1157,ChIPMunk,0.699
1158,ProBound,0.894
1159,MEME,0.905
1160,Autoseed,0.793
1161,Homer,0.783
1162,STREME,0.909
1163,DimontHTS,0.926
1164,ExplaiNN,0.918
1165,Best,0.896
1166,Dimont,0.887
1167,ChIPMunk,0.851
1168,ProBound,0.879
1169,MEME,0.867
1170,Autoseed,0.772
1171,Homer,0.852
1172,STREME,0.822
1173,DimontHTS,0.883
1174,ExplaiNN,0.851
1175,Best,0.885
1176,Dimont,0.918
1177,ChIPMunk,0.893
1178,ProBound,0.925
1179,MEME,0.911
1180,Autoseed,0.798
1181,Homer,0.902
1182,STREME,0.891
1183,DimontHTS,0.803
1184,ExplaiNN,0.902
1185,Best,0.933
1186,Dimont,0.922
1187,ChIPMunk,0.902
1188,ProBound,0.926
1189,MEME,0.926
1190,Autoseed,0.99
1191,Homer,0.904
1192,STREME,0.896
1193,DimontHTS,0.755
1194,ExplaiNN,0.921
1195,Best,0.697
1196,Dimont,0.882
1197,ChIPMunk,0.847
1198,ProBound,0.899
1199,MEME,0.865
1200,Autoseed,0.8
1201,Homer,0.859
1202,STREME,0.857
1203,DimontHTS,0.715
1204,ExplaiNN,0.867
1205,Best,0.95
1206,Dimont,0.79
1207,ChIPMunk,0.766
1208,ProBound,0.817
1209,MEME,0.784
1210,Autoseed,0.809
1211,Homer,0.771
1212,STREME,0.751
1213,DimontHTS,0.99
1214,ExplaiNN,0.776
1215,Best,0.962
1216,Dimont,0.816
1217,ChIPMunk,0.761
1218,ProBound,0.757
1219,MEME,0.777
1220,Autoseed,0.956
1221,Homer,0.729
1222,STREME,0.765
1223,DimontHTS,0.834
1224,ExplaiNN,0.767
1225,Best,0.96
1226,Dimont,0.798
1227,ChIPMunk,0.795
1228,ProBound,0.729
1229,MEME,0.805
1230,Autoseed,0.983
1231,Homer,0.76
1232,STREME,0.787
1233,DimontHTS,0.794
1234,ExplaiNN,0.784
1235,Best,0.986
1236,Dimont,0.993
1237,ChIPMunk,0.989
1238,ProBound,0.992
1239,MEME,0.985
1240,Autoseed,0.94
1241,Homer,0.99
1242,STREME,0.989
1243,DimontHTS,0.945
1244,ExplaiNN,0.99
1245,Best,0.929
1246,Dimont,0.857
1247,ChIPMunk,0.761
1248,ProBound,0.841
1249,MEME,0.787
1250,Autoseed,0.927
1251,Homer,0.796
1252,STREME,0.77
1253,DimontHTS,0.961
1254,ExplaiNN,0.723
1255,Best,0.971
1256,Dimont,0.836
1257,ChIPMunk,0.794
1258,ProBound,0.776
1259,MEME,0.805
1260,Autoseed,0.956
1261,Homer,0.798
1262,STREME,0.812
1263,DimontHTS,0.959
1264,ExplaiNN,0.763
1265,Best,0.918
1266,Dimont,0.95
1267,ChIPMunk,0.955
1268,ProBound,0.922
1269,MEME,0.958
1270,Autoseed,0.95
1271,Homer,0.948
1272,STREME,0.951
1273,DimontHTS,0.917
1274,ExplaiNN,0.741
1275,Best,0.882
1276,Dimont,0.98
1277,ChIPMunk,0.987
1278,ProBound,0.955
1279,MEME,0.987
1280,Autoseed,0.878
1281,Homer,0.981
1282,STREME,0.989
1283,DimontHTS,0.946
1284,ExplaiNN,0.781
1285,Best,0.956
1286,Dimont,0.96
1287,ChIPMunk,0.94
1288,ProBound,0.952
1289,MEME,0.938
1290,Autoseed,0.649
1291,Homer,0.949
1292,STREME,0.944
1293,DimontHTS,0.938
1294,ExplaiNN,0.938
1295,Best,0.926
1296,Dimont,0.958
1297,ChIPMunk,0.94
1298,ProBound,0.93
1299,MEME,0.929
1300,Autoseed,0.906
1301,Homer,0.949
1302,STREME,0.931
1303,DimontHTS,0.737
1304,ExplaiNN,0.945
1305,Best,0.844
1306,Dimont,0.95
1307,ChIPMunk,0.953
1308,ProBound,0.934
1309,MEME,0.938
1310,Autoseed,0.681
1311,Homer,0.95
1312,STREME,0.946
1313,DimontHTS,0.678
1314,ExplaiNN,0.954
1315,Best,0.969
1316,Dimont,0.966
1317,ChIPMunk,0.954
1318,ProBound,0.948
1319,MEME,0.952
1320,Autoseed,0.783
1321,Homer,0.958
1322,STREME,0.949
1323,DimontHTS,0.908
1324,ExplaiNN,0.956
1325,Best,0.976
1326,Dimont,0.51
1327,ChIPMunk,0.475
1328,ProBound,0.737
1329,MEME,0.521
1330,Autoseed,0.989
1331,Homer,0.52
1332,STREME,0.495
1333,DimontHTS,0.593
1334,ExplaiNN,0.489
1335,Best,0.912
1336,Dimont,0.854
1337,ChIPMunk,0.66
1338,ProBound,0.866
1339,MEME,0.757
1340,Autoseed,0.828
1341,Homer,0.618
1342,STREME,0.82
1343,DimontHTS,0.726
1344,ExplaiNN,0.536
1345,Best,0.829
1346,Dimont,0.55
1347,ChIPMunk,0.453
1348,ProBound,0.735
1349,MEME,0.535
1350,Autoseed,0.886
1351,Homer,0.482
1352,STREME,0.548
1353,DimontHTS,0.993
1354,ExplaiNN,0.446
1355,Best,0.93
1356,Dimont,0.925
1357,ChIPMunk,0.904
1358,ProBound,0.894
1359,MEME,0.825
1360,Autoseed,0.97
1361,Homer,0.9
1362,STREME,0.89
1363,DimontHTS,0.624
1364,ExplaiNN,0.767
1365,Best,0.949
1366,Dimont,0.516
1367,ChIPMunk,0.591
1368,ProBound,0.528
1369,MEME,0.492
1370,Autoseed,0.806
1371,Homer,0.612
1372,STREME,0.543
1373,DimontHTS,0.796
1374,ExplaiNN,0.441
1375,Best,0.896
1376,Dimont,0.705
1377,ChIPMunk,0.729
1378,ProBound,0.661
1379,MEME,0.687
1380,Autoseed,0.632
1381,Homer,0.743
1382,STREME,0.683
1383,DimontHTS,0.874
1384,ExplaiNN,0.561
1385,Best,0.808
1386,Dimont,0.99
1387,ChIPMunk,0.994
1388,ProBound,0.991
1389,MEME,0.992
1390,Autoseed,0.781
1391,Homer,0.991
1392,STREME,0.992
1393,DimontHTS,0.637
1394,ExplaiNN,0.99
1395,Best,0.849
1396,Dimont,0.806
1397,ChIPMunk,0.789
1398,ProBound,0.78
1399,MEME,0.642
1400,Autoseed,0.892
1401,Homer,0.736
1402,STREME,0.691
1403,DimontHTS,0.826
1404,ExplaiNN,0.805
1405,Best,0.965
1406,Dimont,0.901
1407,ChIPMunk,0.885
1408,ProBound,0.888
1409,MEME,0.888
1410,Autoseed,0.817
1411,Homer,0.867
1412,STREME,0.889
1413,DimontHTS,0.639
1414,ExplaiNN,0.764
1415,Best,0.828
1416,Dimont,0.966
1417,ChIPMunk,0.954
1418,ProBound,0.966
1419,MEME,0.967
1420,Autoseed,0.934
1421,Homer,0.941
1422,STREME,0.967
1423,DimontHTS,0.865
1424,ExplaiNN,0.836
1425,Best,0.985
1426,Dimont,0.551
1427,ChIPMunk,0.344
1428,ProBound,0.789
1429,MEME,0.49
1430,Autoseed,0.967
1431,Homer,0.351
1432,STREME,0.312
1433,DimontHTS,0.783
1434,ExplaiNN,0.527
1435,Best,0.747
1436,Dimont,0.809
1437,ChIPMunk,0.682
1438,ProBound,0.783
1439,MEME,0.795
1440,Autoseed,0.963
1441,Homer,0.78
1442,STREME,0.808
1443,DimontHTS,0.936
1444,ExplaiNN,0.595
1445,Best,0.972
1446,Dimont,0.751
1447,ChIPMunk,0.708
1448,ProBound,0.649
1449,MEME,0.628
1450,Autoseed,0.765
1451,Homer,0.652
1452,STREME,0.658
1453,DimontHTS,0.938
1454,ExplaiNN,0.738
1455,Best,0.95
1456,Dimont,0.862
1457,ChIPMunk,0.75
1458,ProBound,0.735
1459,MEME,0.792
1460,Autoseed,0.648
1461,Homer,0.745
1462,STREME,0.777
1463,DimontHTS,0.965
1464,ExplaiNN,0.639
1465,Best,0.925
1466,Dimont,0.896
1467,ChIPMunk,0.889
1468,ProBound,0.884
1469,MEME,0.904
1470,Autoseed,0.448
1471,Homer,0.893
1472,STREME,0.889
1473,DimontHTS,0.641
1474,ExplaiNN,0.752
1475,Best,0.715
1476,Dimont,0.752
1477,ChIPMunk,0.753
1478,ProBound,0.736
1479,MEME,0.752
1480,Autoseed,0.901
1481,Homer,0.737
1482,STREME,0.729
1483,DimontHTS,0.622
1484,ExplaiNN,0.708
1485,Best,0.976
1486,Dimont,0.954
1487,ChIPMunk,0.926
1488,ProBound,0.931
1489,MEME,0.915
1490,Autoseed,0.773
1491,Homer,0.915
1492,STREME,0.926
1493,DimontHTS,0.349
1494,ExplaiNN,0.909
1495,Best,0.977
1496,Dimont,0.972
1497,ChIPMunk,0.963
1498,ProBound,0.886
1499,MEME,0.953
1500,Autoseed,0.964
1501,Homer,0.951
1502,STREME,0.954
1503,DimontHTS,0.644
1504,ExplaiNN,0.905
1505,Best,0.968
1506,Dimont,0.968
1507,ChIPMunk,0.97
1508,ProBound,0.974
1509,MEME,0.969
1510,Autoseed,0.905
1511,Homer,0.971
1512,STREME,0.966
1513,DimontHTS,0.62
1514,ExplaiNN,0.964
1515,Best,0.817
1516,Dimont,0.662
1517,ChIPMunk,0.631
1518,ProBound,0.689
1519,MEME,0.615
1520,Autoseed,0.821
1521,Homer,0.639
1522,STREME,0.591
1523,DimontHTS,0.803
1524,ExplaiNN,0.746
1525,Best,0.72
1526,Dimont,0.677
1527,ChIPMunk,0.572
1528,ProBound,0.664
1529,MEME,0.641
1530,Autoseed,0.775
1531,Homer,0.635
1532,STREME,0.604
1533,DimontHTS,0.95
1534,ExplaiNN,0.68
1535,Dimont,0.399
1536,ChIPMunk,0.306
1537,ProBound,0.715
1538,MEME,0.33
1539,Autoseed,0.742
1540,Homer,0.429
1541,STREME,0.432
1542,DimontHTS,0.933
1543,ExplaiNN,0.482
1544,Dimont,0.704
1545,ChIPMunk,0.706
1546,ProBound,0.831
1547,MEME,0.687
1548,Autoseed,0.47
1549,Homer,0.658
1550,STREME,0.666
1551,DimontHTS,0.869
1552,ExplaiNN,0.763
1553,Dimont,0.775
1554,ChIPMunk,0.536
1555,ProBound,0.494
1556,MEME,0.486
1557,Autoseed,0.907
1558,Homer,0.625
1559,STREME,0.465
1560,DimontHTS,0.749
1561,ExplaiNN,0.587
1562,Dimont,0.956
1563,ChIPMunk,0.956
1564,ProBound,0.908
1565,MEME,0.952
1566,Autoseed,0.893
1567,Homer,0.931
1568,STREME,0.927
1569,DimontHTS,0.757
1570,ExplaiNN,0.945
1571,Dimont,0.965
1572,ChIPMunk,0.934
1573,ProBound,0.829
1574,MEME,0.921
1575,Autoseed,0.72
1576,Homer,0.953
1577,STREME,0.935
1578,DimontHTS,0.914
1579,ExplaiNN,0.904
1580,Dimont,0.802
1581,ChIPMunk,0.813
1582,ProBound,0.92
1583,MEME,0.88
1584,Autoseed,0.56
1585,Homer,0.865
1586,STREME,0.827
1587,DimontHTS,0.865
1588,ExplaiNN,0.911
1589,Dimont,0.752
1590,ChIPMunk,0.758
1591,ProBound,0.866
1592,MEME,0.822
1593,Autoseed,0.961
1594,Homer,0.81
1595,STREME,0.776
1596,DimontHTS,0.849
1597,ExplaiNN,0.845
1598,Dimont,0.773
1599,ChIPMunk,0.768
1600,ProBound,0.751
1601,MEME,0.626
1602,Autoseed,0.951
1603,Homer,0.615
1604,STREME,0.597
1605,DimontHTS,0.767
1606,ExplaiNN,0.543
1607,Dimont,0.79
1608,ChIPMunk,0.757
1609,ProBound,0.925
1610,MEME,0.741
1611,Autoseed,0.96
1612,Homer,0.726
1613,STREME,0.731
1614,DimontHTS,0.55
1615,ExplaiNN,0.763
1616,Dimont,0.757
1617,ChIPMunk,0.735
1618,ProBound,0.743
1619,MEME,0.758
1620,Autoseed,0.812
1621,Homer,0.687
1622,STREME,0.728
1623,DimontHTS,0.89
1624,ExplaiNN,0.692
1625,Dimont,0.614
1626,ChIPMunk,0.63
1627,ProBound,0.783
1628,MEME,0.929
1629,Autoseed,0.886
1630,Homer,0.642
1631,STREME,0.391
1632,DimontHTS,0.894
1633,ExplaiNN,0.457
1634,Dimont,0.936
1635,ChIPMunk,0.929
1636,ProBound,0.934
1637,MEME,0.876
1638,Autoseed,0.949
1639,Homer,0.923
1640,STREME,0.917
1641,DimontHTS,0.93
1642,ExplaiNN,0.923
1643,Dimont,0.893
1644,ChIPMunk,0.885
1645,ProBound,0.831
1646,MEME,0.902
1647,Autoseed,0.58
1648,Homer,0.84
1649,STREME,0.869
1650,DimontHTS,0.566
1651,ExplaiNN,0.842
1652,Dimont,0.911
1653,ChIPMunk,0.866
1654,ProBound,0.839
1655,MEME,0.672
1656,Autoseed,0.881
1657,Homer,0.881
1658,STREME,0.888
1659,DimontHTS,0.804
1660,ExplaiNN,0.881
1661,Dimont,0.68
1662,ChIPMunk,0.746
1663,ProBound,0.77
1664,MEME,0.433
1665,Autoseed,0.79
1666,Homer,0.616
1667,STREME,0.666
1668,DimontHTS,0.937
1669,ExplaiNN,0.627
1670,Dimont,0.411
1671,ChIPMunk,0.439
1672,ProBound,0.742
1673,MEME,0.963
1674,Autoseed,0.829
1675,Homer,0.357
1676,STREME,0.363
1677,DimontHTS,0.31
1678,ExplaiNN,0.406
1679,Dimont,0.963
1680,ChIPMunk,0.963
1681,ProBound,0.964
1682,MEME,0.95
1683,Autoseed,0.882
1684,Homer,0.959
1685,STREME,0.963
1686,DimontHTS,0.866
1687,ExplaiNN,0.865
1688,Dimont,0.954
1689,ChIPMunk,0.954
1690,ProBound,0.956
1691,MEME,0.958
1692,Autoseed,0.697
1693,Homer,0.95
1694,STREME,0.951
1695,DimontHTS,0.809
1696,ExplaiNN,0.869
1697,Dimont,0.976
1698,ChIPMunk,0.952
1699,ProBound,0.972
1700,MEME,0.632
1701,Autoseed,0.877
1702,Homer,0.964
1703,STREME,0.964
1704,DimontHTS,0.858
1705,ExplaiNN,0.957
1706,Dimont,0.782
1707,ChIPMunk,0.637
1708,ProBound,0.825
1709,MEME,0.861
1710,Autoseed,0.675
1711,Homer,0.773
1712,STREME,0.64
1713,DimontHTS,0.901
1714,ExplaiNN,0.587
1715,Dimont,0.852
1716,ChIPMunk,0.838
1717,ProBound,0.888
1718,MEME,0.935
1719,Autoseed,0.947
1720,Homer,0.833
1721,STREME,0.826
1722,DimontHTS,0.67
1723,ExplaiNN,0.76
1724,Dimont,0.949
1725,ChIPMunk,0.949
1726,ProBound,0.945
1727,MEME,0.37
1728,Autoseed,0.924
1729,Homer,0.825
1730,STREME,0.934
1731,DimontHTS,0.912
1732,ExplaiNN,0.868
1733,Dimont,0.409
1734,ChIPMunk,0.4
1735,ProBound,0.695
1736,MEME,0.85
1737,Autoseed,0.958
1738,Homer,0.622
1739,STREME,0.35
1740,DimontHTS,0.62
1741,ExplaiNN,0.353
1742,Dimont,0.896
1743,ChIPMunk,0.82
1744,ProBound,0.889
1745,MEME,0.809
1746,Autoseed,0.951
1747,Homer,0.858
1748,STREME,0.894
1749,DimontHTS,0.906
1750,ExplaiNN,0.887
1751,Dimont,0.849
1752,ChIPMunk,0.817
1753,ProBound,0.818
1754,MEME,0.86
1755,Autoseed,0.779
1756,Homer,0.826
1757,STREME,0.801
1758,DimontHTS,0.915
1759,ExplaiNN,0.73
1760,Dimont,0.885
1761,ChIPMunk,0.861
1762,ProBound,0.848
1763,MEME,0.897
1764,Autoseed,0.698
1765,Homer,0.874
1766,STREME,0.846
1767,DimontHTS,0.958
1768,ExplaiNN,0.869
1769,Dimont,0.917
1770,ChIPMunk,0.884
1771,ProBound,0.865
1772,MEME,0.706
1773,Autoseed,0.71
1774,Homer,0.891
1775,STREME,0.89
1776,DimontHTS,0.96
1777,ExplaiNN,0.866
1778,Dimont,0.687
1779,ChIPMunk,0.71
1780,ProBound,0.67
1781,MEME,0.905
1782,Autoseed,0.85
1783,Homer,0.673
1784,STREME,0.715
1785,DimontHTS,0.844
1786,ExplaiNN,0.691
1787,Dimont,0.933
1788,ChIPMunk,0.878
1789,ProBound,0.834
1790,MEME,0.673
1791,Autoseed,0.732
1792,Homer,0.874
1793,STREME,0.93
1794,DimontHTS,0.614
1795,ExplaiNN,0.898
1796,Dimont,0.672
1797,ChIPMunk,0.661
1798,ProBound,0.697
1799,MEME,0.94
1800,Autoseed,0.585
1801,Homer,0.653
1802,STREME,0.652
1803,DimontHTS,0.63
1804,ExplaiNN,0.626
1805,Dimont,0.948
1806,ChIPMunk,0.944
1807,ProBound,0.896
1808,MEME,0.919
1809,Autoseed,0.918
1810,Homer,0.936
1811,STREME,0.93
1812,DimontHTS,0.948
1813,ExplaiNN,0.927
1814,Dimont,0.95
1815,ChIPMunk,0.934
1816,ProBound,0.899
1817,MEME,0.953
1818,Autoseed,0.907
1819,Homer,0.936
1820,STREME,0.896
1821,DimontHTS,0.538
1822,ExplaiNN,0.92
1823,Dimont,0.962
1824,ChIPMunk,0.955
1825,ProBound,0.96
1826,MEME,0.951
1827,Autoseed,0.833
1828,Homer,0.953
1829,STREME,0.951
1830,DimontHTS,0.389
1831,ExplaiNN,0.951
1832,Dimont,0.954
1833,ChIPMunk,0.948
1834,ProBound,0.953
1835,MEME,0.397
1836,Autoseed,0.932
1837,Homer,0.938
1838,STREME,0.94
1839,DimontHTS,0.841
1840,ExplaiNN,0.935
1841,Dimont,0.566
1842,ChIPMunk,0.399
1843,ProBound,0.729
1844,MEME,0.831
1845,Autoseed,0.862
1846,Homer,0.428
1847,STREME,0.37
1848,DimontHTS,0.917
1849,ExplaiNN,0.391
1850,Dimont,0.965
1851,ChIPMunk,0.828
1852,ProBound,0.975
1853,MEME,0.861
1854,Autoseed,0.865
1855,Homer,0.831
1856,STREME,0.82
1857,DimontHTS,0.848
1858,ExplaiNN,0.824
1859,Dimont,0.976
1860,ChIPMunk,0.86
1861,ProBound,0.986
1862,MEME,0.465
1863,Autoseed,0.801
1864,Homer,0.859
1865,STREME,0.857
1866,DimontHTS,0.919
1867,ExplaiNN,0.858
1868,Dimont,0.726
1869,ChIPMunk,0.461
1870,ProBound,0.901
1871,MEME,0.929
1872,Autoseed,0.582
1873,Homer,0.461
1874,STREME,0.464
1875,DimontHTS,0.812
1876,ExplaiNN,0.461
1877,Dimont,0.856
1878,ChIPMunk,0.878
1879,ProBound,0.806
1880,MEME,0.684
1881,Autoseed,0.481
1882,Homer,0.656
1883,STREME,0.855
1884,DimontHTS,0.563
1885,ExplaiNN,0.484
1886,Dimont,0.815
1887,ChIPMunk,0.704
1888,ProBound,0.761
1889,MEME,0.949
1890,Autoseed,0.895
1891,Homer,0.685
1892,STREME,0.614
1893,DimontHTS,0.461
1894,ExplaiNN,0.585
1895,Dimont,0.971
1896,ChIPMunk,0.956
1897,ProBound,0.929
1898,MEME,0.917
1899,Autoseed,0.914
1900,Homer,0.92
1901,STREME,0.917
1902,DimontHTS,0.915
1903,ExplaiNN,0.905
1904,Dimont,0.91
1905,ChIPMunk,0.918
1906,ProBound,0.862
1907,MEME,0.864
1908,Autoseed,0.971
1909,Homer,0.906
1910,STREME,0.893
1911,DimontHTS,0.939
1912,ExplaiNN,0.909
1913,Dimont,0.882
1914,ChIPMunk,0.853
1915,ProBound,0.882
1916,MEME,0.93
1917,Autoseed,0.863
1918,Homer,0.861
1919,STREME,0.849
1920,DimontHTS,0.968
1921,ExplaiNN,0.829
1922,Dimont,0.956
1923,ChIPMunk,0.934
1924,ProBound,0.929
1925,MEME,0.872
1926,Autoseed,0.9
1927,Homer,0.941
1928,STREME,0.928
1929,DimontHTS,0.849
1930,ExplaiNN,0.908
1931,Dimont,0.917
1932,ChIPMunk,0.874
1933,ProBound,0.901
1934,MEME,0.911
1935,Autoseed,0.893
1936,Homer,0.882
1937,STREME,0.867
1938,DimontHTS,0.895
1939,ExplaiNN,0.811
1940,Dimont,0.926
1941,ChIPMunk,0.895
1942,ProBound,0.912
1943,MEME,0.805
1944,Autoseed,0.844
1945,Homer,0.91
1946,STREME,0.87
1947,DimontHTS,0.803
1948,ExplaiNN,0.845
1949,Dimont,0.844
1950,ChIPMunk,0.806
1951,ProBound,0.809
1952,MEME,0.559
1953,Autoseed,0.738
1954,Homer,0.805
1955,STREME,0.811
1956,DimontHTS,0.852
1957,ExplaiNN,0.751
1958,Dimont,0.59
1959,ChIPMunk,0.571
1960,ProBound,0.571
1961,MEME,0.444
1962,Autoseed,0.736
1963,Homer,0.569
1964,STREME,0.551
1965,DimontHTS,0.613
1966,ExplaiNN,0.518
1967,Dimont,0.527
1968,ChIPMunk,0.45
1969,ProBound,0.515
1970,MEME,0.933
1971,Autoseed,0.689
1972,Homer,0.452
1973,STREME,0.465
1974,DimontHTS,0.702
1975,ExplaiNN,0.443
1976,Dimont,0.954
1977,ChIPMunk,0.941
1978,ProBound,0.91
1979,MEME,0.959
1980,Autoseed,0.88
1981,Homer,0.928
1982,STREME,0.933
1983,DimontHTS,0.804
1984,ExplaiNN,0.876
1985,Dimont,0.969
1986,ChIPMunk,0.952
1987,ProBound,0.937
1988,MEME,0.976
1989,Autoseed,0.947
1990,Homer,0.951
1991,STREME,0.946
1992,DimontHTS,0.903
1993,ExplaiNN,0.885
1994,Dimont,0.976
1995,ChIPMunk,0.976
1996,ProBound,0.967
1997,MEME,0.883
1998,Autoseed,0.726
1999,Homer,0.967
2000,STREME,0.972
2001,DimontHTS,0.963
2002,ExplaiNN,0.97
2003,Dimont,0.912
2004,ChIPMunk,0.873
2005,ProBound,0.848
2006,MEME,0.713
2007,Autoseed,0.782
2008,Homer,0.856
2009,STREME,0.861
2010,DimontHTS,0.584
2011,ExplaiNN,0.842
2012,Dimont,0.829
2013,ChIPMunk,0.719
2014,ProBound,0.797
2015,MEME,0.898
2016,Autoseed,0.751
2017,Homer,0.709
2018,STREME,0.725
2019,DimontHTS,0.776
2020,ExplaiNN,0.61
2021,Dimont,0.93
2022,ChIPMunk,0.905
2023,ProBound,0.898
2024,MEME,0.931
2025,Autoseed,0.669
2026,Homer,0.874
2027,STREME,0.879
2028,DimontHTS,0.771
2029,ExplaiNN,0.864
2030,Dimont,0.949
2031,ChIPMunk,0.924
2032,ProBound,0.916
2033,MEME,0.858
2034,Autoseed,0.961
2035,Homer,0.91
2036,STREME,0.923
2037,DimontHTS,0.654
2038,ExplaiNN,0.742
2039,Dimont,0.896
2040,ChIPMunk,0.847
2041,ProBound,0.881
2042,MEME,0.759
2043,Autoseed,0.944
2044,Homer,0.861
2045,STREME,0.86
2046,DimontHTS,0.941
2047,ExplaiNN,0.822
2048,Dimont,0.808
2049,ChIPMunk,0.772
2050,ProBound,0.704
2051,MEME,0.729
2052,Autoseed,0.879
2053,Homer,0.772
2054,STREME,0.775
2055,DimontHTS,0.925
2056,ExplaiNN,0.658
2057,Dimont,0.778
2058,ChIPMunk,0.756
2059,ProBound,0.73
2060,MEME,0.753
2061,Autoseed,0.95
2062,Homer,0.74
2063,STREME,0.734
2064,DimontHTS,0.802
2065,ExplaiNN,0.744
2066,Dimont,0.84
2067,ChIPMunk,0.717
2068,ProBound,0.849
2069,MEME,0.877
2070,Autoseed,0.797
2071,Homer,0.819
2072,STREME,0.72
2073,DimontHTS,0.938
2074,ExplaiNN,0.668
2075,Dimont,0.928
2076,ChIPMunk,0.897
2077,ProBound,0.874
2078,MEME,0.944
2079,Autoseed,0.638
2080,Homer,0.863
2081,STREME,0.874
2082,DimontHTS,0.877
2083,ExplaiNN,0.88
2084,Dimont,0.965
2085,ChIPMunk,0.935
2086,ProBound,0.885
2087,MEME,0.627
2088,Autoseed,0.96
2089,Homer,0.836
2090,STREME,0.933
2091,DimontHTS,0.592
2092,ExplaiNN,0.926
2093,Dimont,0.828
2094,ChIPMunk,0.706
2095,ProBound,0.637
2096,MEME,0.975
2097,Autoseed,0.973
2098,Homer,0.648
2099,STREME,0.642
2100,DimontHTS,0.961
2101,ExplaiNN,0.692
2102,Dimont,0.982
2103,ChIPMunk,0.968
2104,ProBound,0.91
2105,MEME,0.973
2106,Autoseed,0.917
2107,Homer,0.945
2108,STREME,0.968
2109,DimontHTS,0.975
2110,ExplaiNN,0.69
2111,Dimont,0.985
2112,ChIPMunk,0.967
2113,ProBound,0.914
2114,MEME,0.684
2115,Autoseed,0.961
2116,Homer,0.949
2117,STREME,0.971
2118,DimontHTS,0.863
2119,ExplaiNN,0.686
2120,Dimont,0.747
2121,ChIPMunk,0.635
2122,ProBound,0.741
2123,MEME,0.97
2124,Autoseed,0.44
2125,Homer,0.693
2126,STREME,0.662
2127,DimontHTS,0.92
2128,ExplaiNN,0.524
2129,Dimont,0.972
2130,ChIPMunk,0.97
2131,ProBound,0.954
2132,MEME,0.956
2133,Autoseed,0.582
2134,Homer,0.967
2135,STREME,0.967
2136,DimontHTS,0.385
2137,ExplaiNN,0.951
2138,Dimont,0.95
2139,ChIPMunk,0.949
2140,ProBound,0.934
2141,MEME,0.887
2142,Autoseed,0.753
2143,Homer,0.952
2144,STREME,0.952
2145,DimontHTS,0.561
2146,ExplaiNN,0.935
2147,Dimont,0.904
2148,ChIPMunk,0.895
2149,ProBound,0.893
2150,MEME,0.935
2151,Autoseed,0.663
2152,Homer,0.879
2153,STREME,0.885
2154,DimontHTS,0.684
2155,ExplaiNN,0.72
2156,Dimont,0.923
2157,ChIPMunk,0.948
2158,ProBound,0.923
2159,MEME,0.85
2160,Homer,0.949
2161,STREME,0.95
2162,DimontHTS,0.651
2163,ExplaiNN,0.827
2164,Dimont,0.925
2165,ChIPMunk,0.848
2166,ProBound,0.899
2167,MEME,0.65
2168,Homer,0.818
2169,STREME,0.839
2170,ExplaiNN,0.866
2171,Dimont,0.669
2172,ChIPMunk,0.65
2173,ProBound,0.715
2174,MEME,0.961
2175,Homer,0.697
2176,STREME,0.647
2177,ExplaiNN,0.641
2178,Dimont,0.965
2179,ChIPMunk,0.96
2180,ProBound,0.963
2181,MEME,0.976
2182,Homer,0.96
2183,STREME,0.957
2184,ExplaiNN,0.959
2185,Dimont,0.975
2186,ChIPMunk,0.976
2187,ProBound,0.974
2188,MEME,0.888
2189,Homer,0.974
2190,STREME,0.976
2191,ExplaiNN,0.973
2192,Dimont,0.977
2193,ChIPMunk,0.914
2194,ProBound,0.896
2195,MEME,0.958
2196,Homer,0.92
2197,STREME,0.92
2198,ExplaiNN,0.85
2199,Dimont,0.968
2200,ChIPMunk,0.965
2201,ProBound,0.952
2202,MEME,0.421
2203,Homer,0.954
2204,STREME,0.957
2205,ExplaiNN,0.957
2206,Dimont,0.544
2207,ChIPMunk,0.51
2208,ProBound,0.424
2209,MEME,0.58
2210,Homer,0.427
2211,STREME,0.438
2212,ExplaiNN,0.557
2213,Dimont,0.657
2214,ChIPMunk,0.592
2215,ProBound,0.557
2216,MEME,0.766
2217,Homer,0.527
2218,STREME,0.571
2219,ExplaiNN,0.597
2220,Dimont,0.793
2221,ChIPMunk,0.817
2222,ProBound,0.752
2223,MEME,0.698
2224,Homer,0.767
2225,STREME,0.754
2226,ExplaiNN,0.752
2227,Dimont,0.72
2228,ChIPMunk,0.704
2229,ProBound,0.714
2230,Homer,0.694
2231,STREME,0.657
2232,ExplaiNN,0.624
