,Tool,Asymptotic pseudo-auROC value
0,Dimont,0.941
1,ChIPMunk,0.92
2,ProBound,0.928
3,MEME,0.918
4,Autoseed,0.912
5,Homer,0.934
6,STREME,0.928
7,DimontHTS,0.93
8,ExplaiNN,0.875
9,RCade,0.819
10,Best,0.941
11,Dimont,0.825
12,ChIPMunk,0.787
13,ProBound,0.837
14,MEME,0.754
15,Autoseed,0.818
16,Homer,0.826
17,STREME,0.748
18,DimontHTS,0.727
19,ExplaiNN,0.782
20,RCade,0.821
21,Best,0.837
22,Dimont,0.908
23,ChIPMunk,0.937
24,ProBound,0.909
25,MEME,0.935
26,Autoseed,0.943
27,Homer,0.919
28,STREME,0.938
29,DimontHTS,0.942
30,ExplaiNN,0.941
31,RCade,0.818
32,Best,0.943
33,Dimont,0.875
34,ChIPMunk,0.669
35,ProBound,0.875
36,MEME,0.884
37,Autoseed,0.881
38,Homer,0.863
39,STREME,0.849
40,DimontHTS,0.883
41,ExplaiNN,0.776
42,RCade,0.438
43,Best,0.884
44,Dimont,0.577
45,ChIPMunk,0.546
46,ProBound,0.619
47,MEME,0.531
48,Autoseed,0.542
49,Homer,0.577
50,STREME,0.409
51,DimontHTS,0.601
52,ExplaiNN,0.611
53,RCade,0.51
54,Best,0.939
55,Dimont,0.628
56,ChIPMunk,0.588
57,ProBound,0.657
58,MEME,0.585
59,Autoseed,0.586
60,Homer,0.622
61,STREME,0.466
62,DimontHTS,0.647
63,ExplaiNN,0.631
64,RCade,0.498
65,Best,0.831
66,Dimont,0.928
67,ChIPMunk,0.934
68,ProBound,0.914
69,MEME,0.928
70,Autoseed,0.933
71,Homer,0.911
72,STREME,0.933
73,DimontHTS,0.918
74,ExplaiNN,0.915
75,RCade,0.405
76,Best,0.824
77,Dimont,0.758
78,ChIPMunk,0.831
79,ProBound,0.719
80,MEME,0.8
81,Autoseed,0.672
82,Homer,0.788
83,STREME,0.661
84,DimontHTS,0.682
85,ExplaiNN,0.791
86,RCade,0.329
87,Best,0.744
88,Dimont,0.721
89,ChIPMunk,0.825
90,ProBound,0.683
91,MEME,0.781
92,Autoseed,0.671
93,Homer,0.773
94,STREME,0.638
95,DimontHTS,0.659
96,ExplaiNN,0.775
97,RCade,0.737
98,Best,0.962
99,Dimont,0.701
100,ChIPMunk,0.82
101,ProBound,0.692
102,MEME,0.697
103,Autoseed,0.824
104,Homer,0.675
105,STREME,0.638
106,DimontHTS,0.5
107,ExplaiNN,0.645
108,RCade,0.87
109,Best,0.495
110,Dimont,0.737
111,ChIPMunk,0.744
112,ProBound,0.688
113,MEME,0.73
114,Autoseed,0.715
115,Homer,0.717
116,STREME,0.706
117,DimontHTS,0.688
118,ExplaiNN,0.717
119,RCade,0.564
120,Best,0.942
121,Dimont,0.592
122,ChIPMunk,0.613
123,ProBound,0.525
124,MEME,0.579
125,Autoseed,0.585
126,Homer,0.561
127,STREME,0.566
128,DimontHTS,0.56
129,ExplaiNN,0.579
130,RCade,0.807
131,Best,0.949
132,Dimont,0.687
133,ChIPMunk,0.843
134,ProBound,0.781
135,MEME,0.636
136,Autoseed,0.692
137,Homer,0.885
138,STREME,0.562
139,DimontHTS,0.918
140,ExplaiNN,0.908
141,RCade,0.685
142,Best,0.611
143,Dimont,0.681
144,ChIPMunk,0.878
145,ProBound,0.798
146,MEME,0.629
147,Autoseed,0.688
148,Homer,0.924
149,STREME,0.546
150,DimontHTS,0.952
151,ExplaiNN,0.962
152,RCade,0.83
153,Best,0.98
154,Dimont,0.434
155,ChIPMunk,0.495
156,ProBound,0.443
157,MEME,0.444
158,Autoseed,0.457
159,Homer,0.441
160,STREME,0.442
161,DimontHTS,0.417
162,ExplaiNN,0.453
163,RCade,0.871
164,Best,0.861
165,Dimont,0.312
166,ChIPMunk,0.379
167,ProBound,0.352
168,MEME,0.352
169,Autoseed,0.327
170,Homer,0.379
171,STREME,0.352
172,DimontHTS,0.323
173,ExplaiNN,0.366
174,RCade,0.524
175,Best,0.968
176,Dimont,0.767
177,ChIPMunk,0.759
178,ProBound,0.724
179,MEME,0.745
180,Autoseed,0.728
181,Homer,0.755
182,STREME,0.729
183,DimontHTS,0.752
184,ExplaiNN,0.789
185,RCade,0.802
186,Best,0.818
187,Dimont,0.942
188,ChIPMunk,0.938
189,ProBound,0.917
190,MEME,0.884
191,Autoseed,0.928
192,Homer,0.928
193,STREME,0.778
194,DimontHTS,0.921
195,ExplaiNN,0.839
196,RCade,0.845
197,Best,0.852
198,Dimont,0.73
199,ChIPMunk,0.762
200,ProBound,0.764
201,MEME,0.749
202,Autoseed,0.811
203,Homer,0.726
204,STREME,0.719
205,DimontHTS,0.949
206,ExplaiNN,0.833
207,RCade,0.674
208,Best,0.968
209,Dimont,0.693
210,ChIPMunk,0.753
211,ProBound,0.749
212,MEME,0.719
213,Autoseed,0.792
214,Homer,0.67
215,STREME,0.673
216,DimontHTS,0.939
217,ExplaiNN,0.826
218,RCade,0.378
219,Best,0.934
220,Dimont,0.563
221,ChIPMunk,0.563
222,ProBound,0.587
223,MEME,0.463
224,Autoseed,0.489
225,Homer,0.57
226,STREME,0.524
227,DimontHTS,0.611
228,ExplaiNN,0.527
229,RCade,0.836
230,Best,0.794
231,Dimont,0.492
232,ChIPMunk,0.491
233,ProBound,0.444
234,MEME,0.422
235,Autoseed,0.98
236,Homer,0.373
237,STREME,0.468
238,DimontHTS,0.445
239,ExplaiNN,0.47
240,RCade,0.543
241,Best,0.661
242,Dimont,0.967
243,ChIPMunk,0.924
244,ProBound,0.886
245,MEME,0.863
246,Autoseed,0.679
247,Homer,0.845
248,STREME,0.893
249,DimontHTS,0.959
250,ExplaiNN,0.832
251,RCade,0.38
252,Best,0.848
253,Dimont,0.745
254,ChIPMunk,0.771
255,ProBound,0.615
256,MEME,0.783
257,Autoseed,0.91
258,Homer,0.861
259,STREME,0.763
260,DimontHTS,0.699
261,ExplaiNN,0.744
262,RCade,0.462
263,Best,0.94
264,Dimont,0.814
265,ChIPMunk,0.727
266,ProBound,0.774
267,MEME,0.852
268,Autoseed,0.96
269,Homer,0.653
270,STREME,0.856
271,DimontHTS,0.71
272,ExplaiNN,0.65
273,RCade,0.907
274,Best,0.99
275,Dimont,0.968
276,ChIPMunk,0.848
277,ProBound,0.903
278,MEME,0.954
279,Autoseed,0.48
280,Homer,0.682
281,STREME,0.947
282,DimontHTS,0.891
283,ExplaiNN,0.755
284,RCade,0.892
285,Best,0.932
286,Dimont,0.368
287,ChIPMunk,0.444
288,ProBound,0.55
289,MEME,0.439
290,Autoseed,0.799
291,Homer,0.532
292,STREME,0.391
293,DimontHTS,0.468
294,ExplaiNN,0.418
295,RCade,0.871
296,Best,0.612
297,Dimont,0.818
298,ChIPMunk,0.803
299,ProBound,0.783
300,MEME,0.803
301,Autoseed,0.769
302,Homer,0.782
303,STREME,0.793
304,DimontHTS,0.782
305,ExplaiNN,0.781
306,RCade,0.955
307,Best,0.968
308,Dimont,0.852
309,ChIPMunk,0.822
310,ProBound,0.55
311,MEME,0.826
312,Autoseed,0.568
313,Homer,0.823
314,STREME,0.807
315,DimontHTS,0.75
316,ExplaiNN,0.678
317,RCade,0.917
318,Best,0.932
319,Dimont,0.695
320,ChIPMunk,0.651
321,ProBound,0.427
322,MEME,0.651
323,Autoseed,0.9
324,Homer,0.667
325,STREME,0.612
326,DimontHTS,0.562
327,ExplaiNN,0.478
328,RCade,1.0
329,Best,0.755
330,Dimont,0.914
331,ChIPMunk,0.932
332,ProBound,0.964
333,MEME,0.908
334,Autoseed,0.883
335,Homer,0.915
336,STREME,0.935
337,DimontHTS,0.968
338,ExplaiNN,0.903
339,RCade,0.436
340,Best,0.884
341,Dimont,0.89
342,ChIPMunk,0.87
343,ProBound,0.92
344,MEME,0.84
345,Autoseed,0.569
346,Homer,0.848
347,STREME,0.873
348,DimontHTS,0.929
349,ExplaiNN,0.832
350,RCade,0.868
351,Best,0.946
352,Dimont,0.906
353,ChIPMunk,0.915
354,ProBound,0.762
355,MEME,0.934
356,Autoseed,0.574
357,Homer,0.862
358,STREME,0.933
359,DimontHTS,0.851
360,ExplaiNN,0.885
361,RCade,0.922
362,Best,0.57
363,Dimont,0.524
364,ChIPMunk,0.664
365,ProBound,0.747
366,MEME,0.659
367,Autoseed,0.522
368,Homer,0.51
369,STREME,0.559
370,DimontHTS,0.539
371,ExplaiNN,0.641
372,RCade,0.783
373,Best,0.748
374,Dimont,0.533
375,ChIPMunk,0.696
376,ProBound,0.794
377,MEME,0.688
378,Autoseed,0.34
379,Homer,0.507
380,STREME,0.56
381,DimontHTS,0.538
382,ExplaiNN,0.652
383,RCade,0.478
384,Best,0.953
385,Dimont,0.472
386,ChIPMunk,0.59
387,ProBound,0.541
388,MEME,0.566
389,Autoseed,0.778
390,Homer,0.571
391,STREME,0.573
392,DimontHTS,0.552
393,ExplaiNN,0.661
394,RCade,0.374
395,Best,0.996
396,Dimont,0.771
397,ChIPMunk,0.397
398,ProBound,0.348
399,MEME,0.347
400,Autoseed,0.721
401,Homer,0.354
402,STREME,0.362
403,DimontHTS,0.362
404,ExplaiNN,0.441
405,RCade,0.379
406,Best,0.914
407,Dimont,0.665
408,ChIPMunk,0.833
409,ProBound,0.828
410,MEME,0.805
411,Autoseed,0.676
412,Homer,0.803
413,STREME,0.744
414,DimontHTS,0.819
415,ExplaiNN,0.778
416,RCade,0.445
417,Best,0.943
418,Dimont,0.636
419,ChIPMunk,0.707
420,ProBound,0.752
421,MEME,0.542
422,Autoseed,0.801
423,Homer,0.605
424,STREME,0.594
425,DimontHTS,0.746
426,ExplaiNN,0.663
427,RCade,0.824
428,Best,0.986
429,Dimont,0.65
430,ChIPMunk,0.723
431,ProBound,0.673
432,MEME,0.761
433,Autoseed,0.938
434,Homer,0.762
435,STREME,0.545
436,DimontHTS,0.714
437,ExplaiNN,0.679
438,RCade,0.757
439,Best,0.606
440,Dimont,0.927
441,ChIPMunk,0.725
442,ProBound,0.848
443,MEME,0.479
444,Autoseed,0.99
445,Homer,0.586
446,STREME,0.619
447,DimontHTS,0.839
448,ExplaiNN,0.644
449,RCade,0.371
450,Best,0.896
451,Dimont,0.973
452,ChIPMunk,0.929
453,ProBound,0.909
454,MEME,0.925
455,Autoseed,0.761
456,Homer,0.94
457,STREME,0.908
458,DimontHTS,0.915
459,ExplaiNN,0.809
460,RCade,0.59
461,Best,0.955
462,Dimont,0.867
463,ChIPMunk,0.964
464,ProBound,0.988
465,MEME,0.962
466,Autoseed,0.847
467,Homer,0.978
468,STREME,0.959
469,DimontHTS,0.975
470,ExplaiNN,0.945
471,RCade,0.429
472,Best,1.0
473,Dimont,0.884
474,ChIPMunk,0.932
475,ProBound,0.887
476,MEME,0.906
477,Autoseed,0.576
478,Homer,0.924
479,STREME,0.916
480,DimontHTS,0.851
481,ExplaiNN,0.735
482,RCade,0.392
483,Best,0.914
484,Dimont,0.511
485,ChIPMunk,0.917
486,ProBound,0.87
487,MEME,0.893
488,Autoseed,0.931
489,Homer,0.926
490,STREME,0.897
491,DimontHTS,0.855
492,ExplaiNN,0.845
493,RCade,0.56
494,Best,0.762
495,Dimont,0.968
496,ChIPMunk,0.544
497,ProBound,0.612
498,MEME,0.436
499,Autoseed,0.856
500,Homer,0.449
501,STREME,0.514
502,DimontHTS,0.509
503,ExplaiNN,0.488
504,RCade,0.426
505,Best,0.965
506,Dimont,0.945
507,ChIPMunk,0.944
508,ProBound,0.932
509,MEME,0.961
510,Autoseed,0.582
511,Homer,0.93
512,STREME,0.958
513,DimontHTS,0.884
514,ExplaiNN,0.924
515,RCade,0.391
516,Best,0.886
517,Dimont,0.862
518,ChIPMunk,0.91
519,ProBound,0.871
520,MEME,0.923
521,Autoseed,0.849
522,Homer,0.913
523,STREME,0.906
524,DimontHTS,0.739
525,ExplaiNN,0.851
526,RCade,0.377
527,Best,0.813
528,Dimont,0.832
529,ChIPMunk,0.932
530,ProBound,0.785
531,MEME,0.924
532,Autoseed,0.864
533,Homer,0.801
534,STREME,0.524
535,DimontHTS,0.728
536,ExplaiNN,0.77
537,RCade,0.767
538,Best,0.584
539,Dimont,0.755
540,ChIPMunk,0.902
541,ProBound,0.682
542,MEME,0.93
543,Autoseed,0.414
544,Homer,0.674
545,STREME,0.447
546,DimontHTS,0.584
547,ExplaiNN,0.667
548,RCade,0.812
549,Best,0.91
550,Dimont,0.877
551,ChIPMunk,0.659
552,ProBound,0.659
553,MEME,0.661
554,Autoseed,0.502
555,Homer,0.683
556,STREME,0.725
557,DimontHTS,0.557
558,ExplaiNN,0.574
559,RCade,0.949
560,Best,0.879
561,Dimont,0.869
562,ChIPMunk,0.872
563,ProBound,0.884
564,MEME,0.866
565,Autoseed,0.686
566,Homer,0.829
567,STREME,0.657
568,DimontHTS,0.879
569,ExplaiNN,0.859
570,RCade,0.988
571,Best,0.868
572,Dimont,0.386
573,ChIPMunk,0.937
574,ProBound,0.858
575,MEME,0.88
576,Autoseed,0.947
577,Homer,0.852
578,STREME,0.907
579,DimontHTS,0.828
580,ExplaiNN,0.895
581,RCade,0.425
582,Best,0.859
583,Dimont,0.513
584,ChIPMunk,0.441
585,ProBound,0.505
586,MEME,0.435
587,Autoseed,0.996
588,Homer,0.512
589,STREME,0.528
590,DimontHTS,0.57
591,ExplaiNN,0.552
592,RCade,0.447
593,Best,0.735
594,Dimont,0.619
595,ChIPMunk,0.61
596,ProBound,0.502
597,MEME,0.609
598,Autoseed,0.897
599,Homer,0.517
600,STREME,0.674
601,DimontHTS,0.569
602,ExplaiNN,0.497
603,RCade,0.409
604,Best,0.907
605,Dimont,0.943
606,ChIPMunk,0.662
607,ProBound,0.67
608,MEME,0.748
609,Autoseed,0.841
610,Homer,0.598
611,STREME,0.654
612,DimontHTS,0.6
613,ExplaiNN,0.581
614,RCade,0.796
615,Best,0.706
616,Dimont,0.967
617,ChIPMunk,0.953
618,ProBound,0.932
619,MEME,0.951
620,Autoseed,0.821
621,Homer,0.946
622,STREME,0.952
623,DimontHTS,0.952
624,ExplaiNN,0.904
625,RCade,0.527
626,Best,0.676
627,Dimont,0.914
628,ChIPMunk,0.98
629,ProBound,0.983
630,MEME,0.987
631,Autoseed,0.877
632,Homer,0.993
633,STREME,0.993
634,DimontHTS,0.986
635,ExplaiNN,0.98
636,RCade,0.481
637,Best,0.874
638,Dimont,0.669
639,ChIPMunk,0.899
640,ProBound,0.902
641,MEME,0.902
642,Autoseed,0.766
643,Homer,0.909
644,STREME,0.903
645,DimontHTS,0.875
646,ExplaiNN,0.898
647,RCade,0.542
648,Best,0.888
649,Dimont,0.697
650,ChIPMunk,0.942
651,ProBound,0.937
652,MEME,0.932
653,Autoseed,0.942
654,Homer,0.841
655,STREME,0.843
656,DimontHTS,0.829
657,ExplaiNN,0.943
658,RCade,0.517
659,Best,0.996
660,Dimont,0.981
661,ChIPMunk,0.911
662,ProBound,0.899
663,MEME,0.895
664,Autoseed,0.878
665,Homer,0.831
666,STREME,0.83
667,DimontHTS,0.799
668,ExplaiNN,0.927
669,RCade,0.624
670,Best,0.84
671,Dimont,0.371
672,ChIPMunk,0.986
673,ProBound,0.973
674,MEME,0.981
675,Autoseed,1.0
676,Homer,0.938
677,STREME,0.7
678,DimontHTS,0.691
679,ExplaiNN,0.98
680,RCade,0.832
681,Best,0.946
682,Dimont,0.709
683,ChIPMunk,0.329
684,ProBound,0.341
685,MEME,0.331
686,Autoseed,0.899
687,Homer,0.304
688,STREME,0.318
689,DimontHTS,0.324
690,ExplaiNN,0.606
691,RCade,0.415
692,Best,0.735
693,Dimont,0.95
694,ChIPMunk,0.729
695,ProBound,0.687
696,MEME,0.896
697,Autoseed,0.849
698,Homer,0.789
699,STREME,0.76
700,DimontHTS,0.762
701,ExplaiNN,0.768
702,RCade,0.333
703,Best,0.994
704,Dimont,0.877
705,ChIPMunk,0.946
706,ProBound,0.911
707,MEME,0.936
708,Autoseed,0.762
709,Homer,0.919
710,STREME,0.934
711,DimontHTS,0.94
712,ExplaiNN,0.95
713,RCade,0.693
714,Best,0.772
715,Dimont,0.999
716,ChIPMunk,0.908
717,ProBound,0.785
718,MEME,0.85
719,Autoseed,0.342
720,Homer,0.852
721,STREME,0.838
722,DimontHTS,0.897
723,ExplaiNN,0.917
724,RCade,0.438
725,Best,0.797
726,Dimont,0.865
727,ChIPMunk,1.0
728,ProBound,0.957
729,MEME,0.994
730,Autoseed,0.832
731,Homer,0.925
732,STREME,0.997
733,DimontHTS,0.901
734,ExplaiNN,1.0
735,RCade,0.667
736,Best,0.789
737,Dimont,0.815
738,ChIPMunk,0.914
739,ProBound,0.898
740,MEME,0.891
741,Autoseed,0.477
742,Homer,0.867
743,STREME,0.434
744,DimontHTS,0.875
745,ExplaiNN,0.86
746,RCade,0.599
747,Best,0.854
748,Dimont,0.433
749,ChIPMunk,0.864
750,ProBound,0.871
751,MEME,0.837
752,Autoseed,0.753
753,Homer,0.832
754,STREME,0.731
755,DimontHTS,0.686
756,ExplaiNN,0.82
757,RCade,0.302
758,Best,0.966
759,Dimont,0.941
760,ChIPMunk,0.487
761,ProBound,0.529
762,MEME,0.434
763,Autoseed,0.581
764,Homer,0.489
765,STREME,0.711
766,DimontHTS,0.866
767,ExplaiNN,0.457
768,RCade,0.635
769,Best,0.838
770,Dimont,0.965
771,ChIPMunk,0.369
772,ProBound,0.924
773,MEME,0.693
774,Autoseed,0.782
775,Homer,0.704
776,STREME,0.851
777,DimontHTS,0.502
778,ExplaiNN,0.38
779,RCade,0.619
780,Best,0.995
781,Dimont,0.886
782,ChIPMunk,0.762
783,ProBound,0.953
784,MEME,0.826
785,Autoseed,0.708
786,Homer,0.712
787,STREME,0.501
788,DimontHTS,0.776
789,ExplaiNN,0.632
790,RCade,0.699
791,Best,0.594
792,Dimont,0.539
793,ChIPMunk,0.786
794,ProBound,0.777
795,MEME,0.862
796,Autoseed,0.86
797,Homer,0.789
798,STREME,0.773
799,DimontHTS,0.337
800,ExplaiNN,0.64
801,RCade,0.818
802,Best,0.751
803,Dimont,0.764
804,ChIPMunk,0.886
805,ProBound,0.473
806,MEME,0.846
807,Autoseed,0.721
808,Homer,0.548
809,STREME,0.529
810,DimontHTS,0.894
811,ExplaiNN,0.791
812,RCade,0.815
813,Best,0.988
814,Dimont,0.584
815,ChIPMunk,0.555
816,ProBound,0.753
817,MEME,0.423
818,Autoseed,0.859
819,Homer,0.801
820,STREME,0.737
821,DimontHTS,0.665
822,ExplaiNN,0.408
823,RCade,0.513
824,Best,0.912
825,Dimont,0.883
826,ChIPMunk,0.813
827,ProBound,0.443
828,MEME,0.664
829,Autoseed,0.459
830,Homer,0.47
831,STREME,0.862
832,DimontHTS,0.791
833,ExplaiNN,0.59
834,RCade,0.968
835,Best,0.987
836,Dimont,0.869
837,ChIPMunk,0.487
838,ProBound,0.855
839,MEME,0.56
840,Autoseed,0.602
841,Homer,0.564
842,STREME,0.7
843,DimontHTS,0.756
844,ExplaiNN,0.37
845,RCade,0.725
846,Best,0.58
847,Dimont,0.868
848,ChIPMunk,0.91
849,ProBound,0.878
850,MEME,0.604
851,Autoseed,0.475
852,Homer,0.879
853,STREME,0.586
854,DimontHTS,0.856
855,ExplaiNN,0.885
856,RCade,0.468
857,Best,0.845
858,Dimont,0.738
859,ChIPMunk,0.766
860,ProBound,0.832
861,MEME,0.799
862,Autoseed,0.883
863,Homer,0.752
864,STREME,0.469
865,DimontHTS,0.412
866,ExplaiNN,0.843
867,RCade,0.454
868,Best,0.916
869,Dimont,0.739
870,ChIPMunk,0.859
871,ProBound,0.736
872,MEME,0.841
873,Autoseed,0.329
874,Homer,0.695
875,STREME,0.563
876,DimontHTS,0.672
877,ExplaiNN,0.764
878,RCade,0.734
879,Best,0.784
880,Dimont,0.355
881,ChIPMunk,0.697
882,ProBound,0.82
883,MEME,0.688
884,Autoseed,0.572
885,Homer,0.489
886,STREME,0.654
887,DimontHTS,0.412
888,ExplaiNN,0.672
889,RCade,0.585
890,Best,0.981
891,Dimont,0.443
892,ChIPMunk,0.725
893,ProBound,0.433
894,MEME,0.781
895,Autoseed,0.874
896,Homer,0.395
897,STREME,0.594
898,DimontHTS,0.814
899,ExplaiNN,0.558
900,RCade,0.738
901,Best,0.809
902,Dimont,0.342
903,ChIPMunk,0.366
904,ProBound,0.735
905,MEME,0.503
906,Autoseed,0.741
907,Homer,0.44
908,STREME,0.524
909,DimontHTS,0.49
910,ExplaiNN,0.387
911,RCade,0.557
912,Best,0.969
913,Dimont,0.877
914,ChIPMunk,0.501
915,ProBound,0.476
916,MEME,0.637
917,Autoseed,0.652
918,Homer,0.431
919,STREME,0.83
920,DimontHTS,0.371
921,ExplaiNN,0.41
922,Best,0.502
923,Dimont,0.356
924,ChIPMunk,0.4
925,ProBound,0.764
926,MEME,0.515
927,Autoseed,0.669
928,Homer,0.569
929,STREME,0.767
930,DimontHTS,0.651
931,ExplaiNN,0.402
932,Best,0.975
933,Dimont,0.379
934,ChIPMunk,0.907
935,ProBound,0.365
936,MEME,0.857
937,Autoseed,0.925
938,Homer,0.459
939,STREME,0.637
940,DimontHTS,0.786
941,ExplaiNN,0.478
942,Best,0.886
943,Dimont,0.643
944,ChIPMunk,0.706
945,ProBound,0.643
946,MEME,0.361
947,Autoseed,0.782
948,Homer,0.339
949,STREME,0.663
950,DimontHTS,0.749
951,ExplaiNN,0.399
952,Best,0.777
953,Dimont,0.757
954,ChIPMunk,0.36
955,ProBound,0.874
956,MEME,0.657
957,Autoseed,0.71
958,Homer,0.587
959,STREME,0.693
960,DimontHTS,0.568
961,ExplaiNN,0.335
962,Best,0.964
963,Dimont,0.881
964,ChIPMunk,0.676
965,ProBound,0.804
966,MEME,0.843
967,Autoseed,0.938
968,Homer,0.772
969,STREME,0.792
970,DimontHTS,0.809
971,ExplaiNN,0.573
972,Best,0.966
973,Dimont,0.67
974,ChIPMunk,0.859
975,ProBound,0.598
976,MEME,0.864
977,Autoseed,0.859
978,Homer,0.888
979,STREME,0.747
980,DimontHTS,0.965
981,ExplaiNN,0.81
982,Best,0.929
983,Dimont,0.679
984,ChIPMunk,0.865
985,ProBound,0.804
986,MEME,0.622
987,Autoseed,0.59
988,Homer,0.592
989,STREME,0.903
990,DimontHTS,0.822
991,ExplaiNN,0.842
992,Best,0.89
993,Dimont,0.531
994,ChIPMunk,0.696
995,ProBound,0.93
996,MEME,0.629
997,Autoseed,0.994
998,Homer,0.714
999,STREME,0.887
1000,DimontHTS,0.741
1001,ExplaiNN,0.593
1002,Best,0.614
1003,Dimont,0.84
1004,ChIPMunk,0.66
1005,ProBound,0.765
1006,MEME,0.831
1007,Autoseed,0.541
1008,Homer,0.412
1009,STREME,0.614
1010,DimontHTS,0.946
1011,ExplaiNN,0.676
1012,Best,0.964
1013,Dimont,0.699
1014,ChIPMunk,0.978
1015,ProBound,0.678
1016,MEME,0.789
1017,Autoseed,0.797
1018,Homer,0.785
1019,STREME,0.974
1020,DimontHTS,0.878
1021,ExplaiNN,0.9
1022,Best,0.899
1023,Dimont,0.943
1024,ChIPMunk,0.782
1025,ProBound,0.934
1026,MEME,0.751
1027,Autoseed,0.762
1028,Homer,0.682
1029,STREME,0.701
1030,DimontHTS,0.735
1031,ExplaiNN,0.723
1032,Best,0.646
1033,Dimont,0.86
1034,ChIPMunk,0.706
1035,ProBound,0.832
1036,MEME,0.903
1037,Autoseed,0.488
1038,Homer,0.938
1039,STREME,0.741
1040,DimontHTS,0.952
1041,ExplaiNN,0.756
1042,Best,0.851
1043,Dimont,0.625
1044,ChIPMunk,0.925
1045,ProBound,0.577
1046,MEME,0.882
1047,Autoseed,0.407
1048,Homer,0.832
1049,STREME,0.789
1050,DimontHTS,0.74
1051,ExplaiNN,0.887
1052,Best,0.795
1053,Dimont,0.97
1054,ChIPMunk,0.863
1055,ProBound,0.909
1056,MEME,0.593
1057,Autoseed,0.734
1058,Homer,0.585
1059,STREME,0.519
1060,DimontHTS,0.792
1061,ExplaiNN,0.858
1062,Best,0.781
1063,Dimont,0.772
1064,ChIPMunk,0.626
1065,ProBound,0.733
1066,MEME,0.967
1067,Autoseed,0.734
1068,Homer,0.966
1069,STREME,0.447
1070,DimontHTS,0.622
1071,ExplaiNN,0.588
1072,Best,0.64
1073,Dimont,0.79
1074,ChIPMunk,0.994
1075,ProBound,0.787
1076,MEME,0.728
1077,Autoseed,0.831
1078,Homer,0.717
1079,STREME,0.476
1080,DimontHTS,0.467
1081,ExplaiNN,0.965
1082,Best,0.9
1083,Dimont,0.774
1084,ChIPMunk,0.714
1085,ProBound,0.572
1086,MEME,0.763
1087,Autoseed,0.711
1088,Homer,0.751
1089,STREME,0.54
1090,DimontHTS,0.391
1091,ExplaiNN,0.718
1092,Best,0.886
1093,Dimont,0.503
1094,ChIPMunk,0.767
1095,ProBound,0.456
1096,MEME,0.74
1097,Autoseed,0.826
1098,Homer,0.783
1099,STREME,0.611
1100,DimontHTS,0.748
1101,ExplaiNN,0.695
1102,Best,0.814
1103,Dimont,0.421
1104,ChIPMunk,0.687
1105,ProBound,0.33
1106,MEME,0.49
1107,Autoseed,0.835
1108,Homer,0.518
1109,STREME,0.683
1110,DimontHTS,0.75
1111,ExplaiNN,0.613
1112,Best,0.966
1113,Dimont,0.656
1114,ChIPMunk,0.521
1115,ProBound,0.708
1116,MEME,0.423
1117,Autoseed,0.797
1118,Homer,0.431
1119,STREME,0.875
1120,DimontHTS,0.854
1121,ExplaiNN,0.447
1122,Best,0.937
1123,Dimont,0.675
1124,ChIPMunk,0.445
1125,ProBound,0.701
1126,MEME,0.462
1127,Autoseed,0.688
1128,Homer,0.552
1129,STREME,0.858
1130,DimontHTS,0.79
1131,ExplaiNN,0.366
1132,Best,0.822
1133,Dimont,0.789
1134,ChIPMunk,0.505
1135,ProBound,0.789
1136,MEME,0.538
1137,Autoseed,0.756
1138,Homer,0.722
1139,STREME,0.85
1140,DimontHTS,0.889
1141,ExplaiNN,0.646
1142,Best,0.958
1143,Dimont,0.763
1144,ChIPMunk,0.613
1145,ProBound,0.636
1146,MEME,0.623
1147,Autoseed,0.799
1148,Homer,0.69
1149,STREME,0.711
1150,DimontHTS,0.89
1151,ExplaiNN,0.631
1152,Best,0.934
1153,Dimont,0.817
1154,ChIPMunk,0.594
1155,ProBound,0.801
1156,MEME,0.821
1157,Autoseed,0.989
1158,Homer,0.623
1159,STREME,0.775
1160,DimontHTS,0.833
1161,ExplaiNN,0.732
1162,Best,0.903
1163,Dimont,0.828
1164,ChIPMunk,0.623
1165,ProBound,0.779
1166,MEME,0.924
1167,Autoseed,0.516
1168,Homer,0.577
1169,STREME,0.818
1170,DimontHTS,0.749
1171,ExplaiNN,0.836
1172,Best,0.914
1173,Dimont,0.753
1174,ChIPMunk,0.771
1175,ProBound,0.709
1176,MEME,0.938
1177,Autoseed,0.74
1178,Homer,0.732
1179,STREME,0.986
1180,DimontHTS,0.803
1181,ExplaiNN,0.956
1182,Best,0.973
1183,Dimont,0.703
1184,ChIPMunk,0.762
1185,ProBound,0.655
1186,MEME,0.894
1187,Autoseed,0.947
1188,Homer,0.772
1189,STREME,0.591
1190,DimontHTS,0.801
1191,ExplaiNN,0.966
1192,Best,0.903
1193,Dimont,0.788
1194,ChIPMunk,0.708
1195,ProBound,0.762
1196,MEME,0.792
1197,Autoseed,0.987
1198,Homer,0.989
1199,STREME,0.751
1200,DimontHTS,0.991
1201,ExplaiNN,0.941
1202,Best,0.989
1203,Dimont,0.811
1204,ChIPMunk,0.626
1205,ProBound,0.801
1206,MEME,0.767
1207,Autoseed,0.902
1208,Homer,0.508
1209,STREME,0.949
1210,DimontHTS,0.594
1211,ExplaiNN,0.813
1212,Best,0.945
1213,Dimont,0.994
1214,ChIPMunk,0.761
1215,ProBound,0.995
1216,MEME,0.801
1217,Autoseed,0.957
1218,Homer,0.73
1219,STREME,0.987
1220,DimontHTS,0.724
1221,ExplaiNN,0.782
1222,Best,0.92
1223,Dimont,0.575
1224,ChIPMunk,0.805
1225,ProBound,0.528
1226,MEME,0.985
1227,Autoseed,0.981
1228,Homer,0.944
1229,STREME,0.912
1230,DimontHTS,0.925
1231,ExplaiNN,0.838
1232,Best,0.835
1233,Dimont,0.673
1234,ChIPMunk,0.991
1235,ProBound,0.62
1236,MEME,0.573
1237,Autoseed,0.977
1238,Homer,0.977
1239,STREME,0.96
1240,DimontHTS,0.93
1241,ExplaiNN,0.992
1242,Best,0.927
1243,Dimont,0.946
1244,ChIPMunk,0.561
1245,ProBound,0.941
1246,MEME,0.696
1247,Autoseed,0.845
1248,Homer,0.901
1249,STREME,0.966
1250,DimontHTS,0.903
1251,ExplaiNN,0.451
1252,Best,0.942
1253,Dimont,0.975
1254,ChIPMunk,0.72
1255,ProBound,0.975
1256,MEME,0.951
1257,Autoseed,0.553
1258,Homer,0.944
1259,STREME,0.977
1260,DimontHTS,0.654
1261,ExplaiNN,0.726
1262,Best,0.818
1263,Dimont,0.905
1264,ChIPMunk,0.951
1265,ProBound,0.902
1266,MEME,0.988
1267,Autoseed,0.91
1268,Homer,0.944
1269,STREME,0.464
1270,DimontHTS,0.733
1271,ExplaiNN,0.726
1272,Best,0.939
1273,Dimont,0.959
1274,ChIPMunk,0.988
1275,ProBound,0.892
1276,MEME,0.903
1277,Autoseed,0.618
1278,Homer,0.956
1279,STREME,0.809
1280,DimontHTS,0.619
1281,ExplaiNN,0.737
1282,Best,0.854
1283,Dimont,0.948
1284,ChIPMunk,0.895
1285,ProBound,0.898
1286,MEME,0.799
1287,Autoseed,0.784
1288,Homer,0.38
1289,STREME,0.561
1290,DimontHTS,0.782
1291,ExplaiNN,0.84
1292,Best,0.834
1293,Dimont,0.961
1294,ChIPMunk,0.973
1295,ProBound,0.909
1296,MEME,0.807
1297,Autoseed,0.975
1298,Homer,0.571
1299,STREME,0.894
1300,DimontHTS,0.594
1301,ExplaiNN,0.973
1302,Best,0.958
1303,Dimont,0.436
1304,ChIPMunk,0.975
1305,ProBound,0.58
1306,MEME,0.798
1307,Autoseed,0.809
1308,Homer,0.428
1309,STREME,0.551
1310,DimontHTS,0.894
1311,ExplaiNN,0.974
1312,Best,0.972
1313,Dimont,0.788
1314,ChIPMunk,0.987
1315,ProBound,0.724
1316,MEME,0.419
1317,Autoseed,0.883
1318,Homer,0.916
1319,STREME,0.649
1320,DimontHTS,0.557
1321,ExplaiNN,0.987
1322,Best,0.863
1323,Dimont,0.431
1324,ChIPMunk,0.462
1325,ProBound,0.451
1326,MEME,0.792
1327,Autoseed,0.96
1328,Homer,0.712
1329,STREME,0.954
1330,DimontHTS,0.698
1331,ExplaiNN,0.559
1332,Best,0.839
1333,Dimont,0.904
1334,ChIPMunk,0.725
1335,ProBound,0.877
1336,MEME,0.621
1337,Autoseed,0.855
1338,Homer,0.782
1339,STREME,0.678
1340,DimontHTS,0.981
1341,ExplaiNN,0.519
1342,Best,0.873
1343,Dimont,0.69
1344,ChIPMunk,0.631
1345,ProBound,0.514
1346,MEME,0.895
1347,Autoseed,0.666
1348,Homer,0.974
1349,STREME,0.865
1350,DimontHTS,0.499
1351,ExplaiNN,0.414
1352,Best,0.939
1353,Dimont,0.731
1354,ChIPMunk,0.912
1355,ProBound,0.606
1356,MEME,0.555
1357,Autoseed,0.975
1358,Homer,0.718
1359,STREME,0.953
1360,DimontHTS,0.768
1361,ExplaiNN,0.794
1362,Best,0.875
1363,Dimont,0.979
1364,ChIPMunk,0.683
1365,ProBound,0.975
1366,MEME,0.645
1367,Autoseed,0.861
1368,Homer,0.845
1369,STREME,0.849
1370,DimontHTS,0.86
1371,ExplaiNN,0.52
1372,Best,0.787
1373,Dimont,0.768
1374,ChIPMunk,0.776
1375,ProBound,0.769
1376,MEME,0.961
1377,Autoseed,0.777
1378,Homer,0.929
1379,STREME,0.652
1380,DimontHTS,0.665
1381,ExplaiNN,0.614
1382,Best,0.562
1383,Dimont,0.896
1384,ChIPMunk,0.978
1385,ProBound,0.867
1386,MEME,0.67
1387,Autoseed,0.933
1388,Homer,0.408
1389,STREME,0.967
1390,DimontHTS,0.872
1391,ExplaiNN,0.946
1392,Best,0.962
1393,Dimont,0.969
1394,ChIPMunk,0.784
1395,ProBound,0.958
1396,MEME,0.871
1397,Autoseed,0.964
1398,Homer,0.821
1399,STREME,0.863
1400,DimontHTS,0.777
1401,ExplaiNN,0.765
1402,Best,0.707
1403,Dimont,0.383
1404,ChIPMunk,0.87
1405,ProBound,0.502
1406,MEME,0.959
1407,Autoseed,0.924
1408,Homer,0.681
1409,STREME,0.617
1410,DimontHTS,0.886
1411,ExplaiNN,0.7
1412,Best,0.956
1413,Dimont,0.847
1414,ChIPMunk,0.952
1415,ProBound,0.803
1416,MEME,0.846
1417,Autoseed,0.858
1418,Homer,0.941
1419,STREME,0.935
1420,DimontHTS,0.729
1421,ExplaiNN,0.773
1422,Best,0.681
1423,Dimont,0.769
1424,ChIPMunk,0.35
1425,ProBound,0.698
1426,MEME,0.676
1427,Autoseed,0.816
1428,Homer,0.852
1429,STREME,0.955
1430,DimontHTS,0.914
1431,ExplaiNN,0.461
1432,Best,0.974
1433,Dimont,0.938
1434,ChIPMunk,0.737
1435,ProBound,0.93
1436,MEME,0.952
1437,Autoseed,0.381
1438,Homer,0.654
1439,STREME,0.943
1440,DimontHTS,0.906
1441,ExplaiNN,0.662
1442,Best,0.948
1443,Dimont,0.843
1444,ChIPMunk,0.773
1445,ProBound,0.817
1446,MEME,0.857
1447,Autoseed,0.89
1448,Homer,0.911
1449,STREME,0.636
1450,DimontHTS,0.918
1451,ExplaiNN,0.792
1452,Best,0.868
1453,Dimont,0.647
1454,ChIPMunk,0.783
1455,ProBound,0.428
1456,MEME,0.677
1457,Autoseed,0.614
1458,Homer,0.946
1459,STREME,0.689
1460,DimontHTS,0.794
1461,ExplaiNN,0.791
1462,Best,0.797
1463,Dimont,0.943
1464,ChIPMunk,0.862
1465,ProBound,0.923
1466,MEME,0.924
1467,Autoseed,0.964
1468,Homer,0.959
1469,STREME,0.543
1470,DimontHTS,0.766
1471,ExplaiNN,0.811
1472,Best,0.969
1473,Dimont,0.964
1474,ChIPMunk,0.658
1475,ProBound,0.837
1476,MEME,0.961
1477,Autoseed,0.806
1478,Homer,0.626
1479,STREME,0.656
1480,DimontHTS,0.456
1481,ExplaiNN,0.71
1482,Best,0.964
1483,Dimont,0.961
1484,ChIPMunk,0.922
1485,ProBound,0.966
1486,MEME,0.952
1487,Autoseed,0.53
1488,Homer,0.663
1489,STREME,0.402
1490,DimontHTS,0.601
1491,ExplaiNN,0.91
1492,Best,0.965
1493,Dimont,0.781
1494,ChIPMunk,0.961
1495,ProBound,0.695
1496,MEME,0.787
1497,Autoseed,0.461
1498,Homer,0.613
1499,STREME,0.907
1500,DimontHTS,0.545
1501,ExplaiNN,0.903
1502,Best,0.845
1503,Dimont,0.923
1504,ChIPMunk,0.958
1505,ProBound,0.663
1506,MEME,0.929
1507,Autoseed,0.729
1508,Homer,0.644
1509,STREME,0.809
1510,DimontHTS,0.714
1511,ExplaiNN,0.952
1512,Best,0.67
1513,Dimont,0.38
1514,ChIPMunk,0.413
1515,ProBound,0.341
1516,MEME,0.45
1517,Autoseed,0.374
1518,Homer,0.555
1519,STREME,0.63
1520,DimontHTS,0.88
1521,ExplaiNN,0.847
1522,Best,0.693
1523,Dimont,0.697
1524,ChIPMunk,0.542
1525,ProBound,0.822
1526,MEME,0.676
1527,Autoseed,0.886
1528,Homer,0.938
1529,STREME,0.574
1530,DimontHTS,0.646
1531,ExplaiNN,0.811
1532,Dimont,0.524
1533,ChIPMunk,0.777
1534,ProBound,0.3
1535,MEME,0.419
1536,Autoseed,0.864
1537,Homer,0.845
1538,STREME,0.603
1539,DimontHTS,0.565
1540,ExplaiNN,0.439
1541,Dimont,0.957
1542,ChIPMunk,0.47
1543,ProBound,0.909
1544,MEME,0.954
1545,Autoseed,0.672
1546,Homer,0.5
1547,STREME,0.7
1548,DimontHTS,0.75
1549,ExplaiNN,0.769
1550,Dimont,0.899
1551,ChIPMunk,0.961
1552,ProBound,0.624
1553,MEME,0.831
1554,Autoseed,0.567
1555,Homer,0.485
1556,STREME,0.701
1557,DimontHTS,0.491
1558,ExplaiNN,0.511
1559,Dimont,0.629
1560,ChIPMunk,0.829
1561,ProBound,0.557
1562,MEME,0.588
1563,Autoseed,0.965
1564,Homer,0.626
1565,STREME,0.444
1566,DimontHTS,0.531
1567,ExplaiNN,0.935
1568,Dimont,0.596
1569,ChIPMunk,0.632
1570,ProBound,0.503
1571,MEME,0.517
1572,Autoseed,0.962
1573,Homer,0.694
1574,STREME,0.85
1575,DimontHTS,0.8
1576,ExplaiNN,0.757
1577,Dimont,0.638
1578,ChIPMunk,0.615
1579,ProBound,0.62
1580,MEME,0.648
1581,Autoseed,0.91
1582,Homer,0.666
1583,STREME,0.838
1584,DimontHTS,0.792
1585,ExplaiNN,0.645
1586,Dimont,0.715
1587,ChIPMunk,0.851
1588,ProBound,0.795
1589,MEME,0.721
1590,Autoseed,0.766
1591,Homer,0.64
1592,STREME,0.856
1593,DimontHTS,0.708
1594,ExplaiNN,0.569
1595,Dimont,0.764
1596,ChIPMunk,0.735
1597,ProBound,0.781
1598,MEME,0.738
1599,Autoseed,0.896
1600,Homer,0.858
1601,STREME,0.633
1602,DimontHTS,0.654
1603,ExplaiNN,0.582
1604,Dimont,0.447
1605,ChIPMunk,0.754
1606,ProBound,0.556
1607,MEME,0.9
1608,Autoseed,0.956
1609,Homer,0.802
1610,STREME,0.526
1611,DimontHTS,0.945
1612,ExplaiNN,0.745
1613,Dimont,0.889
1614,ChIPMunk,0.621
1615,ProBound,0.853
1616,MEME,0.843
1617,Autoseed,0.49
1618,Homer,0.849
1619,STREME,0.966
1620,DimontHTS,0.948
1621,ExplaiNN,0.635
1622,Dimont,0.836
1623,ChIPMunk,0.893
1624,ProBound,0.772
1625,MEME,0.881
1626,Autoseed,0.916
1627,Homer,0.606
1628,STREME,0.959
1629,DimontHTS,0.88
1630,ExplaiNN,0.572
1631,Dimont,0.858
1632,ChIPMunk,0.875
1633,ProBound,0.779
1634,MEME,0.634
1635,Autoseed,0.842
1636,Homer,0.519
1637,STREME,0.929
1638,DimontHTS,0.654
1639,ExplaiNN,0.89
1640,Dimont,0.59
1641,ChIPMunk,0.851
1642,ProBound,0.694
1643,MEME,0.574
1644,Autoseed,0.838
1645,Homer,0.944
1646,STREME,0.746
1647,DimontHTS,0.781
1648,ExplaiNN,0.788
1649,Dimont,0.555
1650,ChIPMunk,0.814
1651,ProBound,0.579
1652,MEME,0.946
1653,Autoseed,0.828
1654,Homer,0.941
1655,STREME,0.819
1656,DimontHTS,0.941
1657,ExplaiNN,0.839
1658,Dimont,0.952
1659,ChIPMunk,0.693
1660,ProBound,0.966
1661,MEME,0.942
1662,Autoseed,0.66
1663,Homer,0.847
1664,STREME,0.946
1665,DimontHTS,0.832
1666,ExplaiNN,0.64
1667,Dimont,0.955
1668,ChIPMunk,0.964
1669,ProBound,0.962
1670,MEME,0.911
1671,Autoseed,0.84
1672,Homer,0.822
1673,STREME,0.923
1674,DimontHTS,0.849
1675,ExplaiNN,0.526
1676,Dimont,0.937
1677,ChIPMunk,0.96
1678,ProBound,0.923
1679,MEME,0.745
1680,Autoseed,0.345
1681,Homer,0.809
1682,STREME,0.844
1683,DimontHTS,0.895
1684,ExplaiNN,0.894
1685,Dimont,0.74
1686,ChIPMunk,0.903
1687,ProBound,0.694
1688,MEME,0.808
1689,Autoseed,0.895
1690,Homer,0.771
1691,STREME,0.858
1692,DimontHTS,0.839
1693,ExplaiNN,0.899
1694,Dimont,0.81
1695,ChIPMunk,0.723
1696,ProBound,0.89
1697,MEME,0.933
1698,Autoseed,0.82
1699,Homer,0.528
1700,STREME,0.818
1701,DimontHTS,0.638
1702,ExplaiNN,0.919
1703,Dimont,0.938
1704,ChIPMunk,0.85
1705,ProBound,0.955
1706,MEME,0.827
1707,Autoseed,0.987
1708,Homer,0.875
1709,STREME,0.634
1710,DimontHTS,0.85
1711,ExplaiNN,0.73
1712,Dimont,0.383
1713,ChIPMunk,0.958
1714,ProBound,0.503
1715,MEME,0.844
1716,Autoseed,0.942
1717,Homer,0.894
1718,STREME,0.865
1719,DimontHTS,0.873
1720,ExplaiNN,0.756
1721,Dimont,0.934
1722,ChIPMunk,0.359
1723,ProBound,0.888
1724,MEME,0.863
1725,Autoseed,0.719
1726,Homer,0.903
1727,STREME,0.973
1728,DimontHTS,0.832
1729,ExplaiNN,0.864
1730,Dimont,0.842
1731,ChIPMunk,0.871
1732,ProBound,0.694
1733,MEME,0.831
1734,Autoseed,0.543
1735,Homer,0.819
1736,STREME,0.875
1737,DimontHTS,0.765
1738,ExplaiNN,0.398
1739,Dimont,0.877
1740,ChIPMunk,0.834
1741,ProBound,0.805
1742,MEME,0.631
1743,Autoseed,0.582
1744,Homer,0.642
1745,STREME,0.796
1746,DimontHTS,0.885
1747,ExplaiNN,0.779
1748,Dimont,0.873
1749,ChIPMunk,0.856
1750,ProBound,0.829
1751,MEME,0.848
1752,Autoseed,0.717
1753,Homer,0.82
1754,STREME,0.974
1755,DimontHTS,0.942
1756,ExplaiNN,0.759
1757,Dimont,0.638
1758,ChIPMunk,0.815
1759,ProBound,0.65
1760,MEME,0.969
1761,Autoseed,0.54
1762,Homer,0.973
1763,STREME,0.945
1764,DimontHTS,0.807
1765,ExplaiNN,0.84
1766,Dimont,0.914
1767,ChIPMunk,0.658
1768,ProBound,0.845
1769,MEME,0.876
1770,Autoseed,0.509
1771,Homer,0.841
1772,STREME,0.376
1773,DimontHTS,0.499
1774,ExplaiNN,0.831
1775,Dimont,0.754
1776,ChIPMunk,0.813
1777,ProBound,0.967
1778,MEME,0.795
1779,Autoseed,0.843
1780,Homer,0.795
1781,STREME,0.806
1782,DimontHTS,0.537
1783,ExplaiNN,0.665
1784,Dimont,0.84
1785,ChIPMunk,0.56
1786,ProBound,0.796
1787,MEME,0.988
1788,Autoseed,0.896
1789,Homer,0.965
1790,STREME,0.77
1791,DimontHTS,0.811
1792,ExplaiNN,0.855
1793,Dimont,0.793
1794,ChIPMunk,0.903
1795,ProBound,0.71
1796,MEME,0.938
1797,Autoseed,0.781
1798,Homer,0.944
1799,STREME,0.419
1800,DimontHTS,0.493
1801,ExplaiNN,0.969
1802,Dimont,0.885
1803,ChIPMunk,0.852
1804,ProBound,0.777
1805,MEME,0.494
1806,Autoseed,0.925
1807,Homer,0.503
1808,STREME,0.737
1809,DimontHTS,0.622
1810,ExplaiNN,0.877
1811,Dimont,0.919
1812,ChIPMunk,0.989
1813,ProBound,0.894
1814,MEME,0.829
1815,Autoseed,0.857
1816,Homer,0.834
1817,STREME,0.496
1818,DimontHTS,0.614
1819,ExplaiNN,0.819
1820,Dimont,0.556
1821,ChIPMunk,0.942
1822,ProBound,0.599
1823,MEME,0.805
1824,Autoseed,0.66
1825,Homer,0.815
1826,STREME,0.823
1827,DimontHTS,0.703
1828,ExplaiNN,0.986
1829,Dimont,0.92
1830,ChIPMunk,0.482
1831,ProBound,0.586
1832,MEME,0.48
1833,Autoseed,0.824
1834,Homer,0.514
1835,STREME,0.885
1836,DimontHTS,0.89
1837,ExplaiNN,0.909
1838,Dimont,0.903
1839,ChIPMunk,0.824
1840,ProBound,0.619
1841,MEME,0.682
1842,Autoseed,0.545
1843,Homer,0.52
1844,STREME,0.818
1845,DimontHTS,0.807
1846,ExplaiNN,0.387
1847,Dimont,0.623
1848,ChIPMunk,0.806
1849,ProBound,0.662
1850,MEME,0.545
1851,Autoseed,0.469
1852,Homer,0.631
1853,STREME,0.92
1854,DimontHTS,0.756
1855,ExplaiNN,0.802
1856,Dimont,0.748
1857,ChIPMunk,0.488
1858,ProBound,0.715
1859,MEME,0.867
1860,Autoseed,0.934
1861,Homer,0.844
1862,STREME,0.851
1863,DimontHTS,0.831
1864,ExplaiNN,0.772
1865,Dimont,0.706
1866,ChIPMunk,0.835
1867,ProBound,0.613
1868,MEME,0.906
1869,Autoseed,0.95
1870,Homer,0.882
1871,STREME,0.729
1872,DimontHTS,0.474
1873,ExplaiNN,0.421
1874,Dimont,0.927
1875,ChIPMunk,0.551
1876,ProBound,0.826
1877,MEME,0.812
1878,Autoseed,0.97
1879,Homer,0.777
1880,STREME,0.801
1881,DimontHTS,0.443
1882,ExplaiNN,0.476
1883,Dimont,0.942
1884,ChIPMunk,0.891
1885,ProBound,0.691
1886,MEME,0.921
1887,Autoseed,0.805
1888,Homer,0.936
1889,STREME,0.488
1890,DimontHTS,0.888
1891,ExplaiNN,0.581
1892,Dimont,0.766
1893,ChIPMunk,0.889
1894,ProBound,0.68
1895,MEME,0.857
1896,Autoseed,0.825
1897,Homer,0.872
1898,STREME,0.418
1899,DimontHTS,0.911
1900,ExplaiNN,0.809
1901,Dimont,0.939
1902,ChIPMunk,0.796
1903,ProBound,0.899
1904,MEME,0.825
1905,Autoseed,0.902
1906,Homer,0.846
1907,STREME,0.905
1908,DimontHTS,0.969
1909,ExplaiNN,0.856
1910,Dimont,0.873
1911,ChIPMunk,0.925
1912,ProBound,0.801
1913,MEME,0.805
1914,Autoseed,0.711
1915,Homer,0.813
1916,STREME,0.919
1917,DimontHTS,0.832
1918,ExplaiNN,0.756
1919,Dimont,0.854
1920,ChIPMunk,0.863
1921,ProBound,0.702
1922,MEME,0.492
1923,Autoseed,0.737
1924,Homer,0.497
1925,STREME,0.97
1926,DimontHTS,0.817
1927,ExplaiNN,0.888
1928,Dimont,0.834
1929,ChIPMunk,0.677
1930,ProBound,0.789
1931,MEME,0.409
1932,Autoseed,0.717
1933,Homer,0.45
1934,STREME,0.811
1935,DimontHTS,0.856
1936,ExplaiNN,0.77
1937,Dimont,0.483
1938,ChIPMunk,0.83
1939,ProBound,0.457
1940,MEME,0.937
1941,Autoseed,0.487
1942,Homer,0.934
1943,STREME,0.767
1944,DimontHTS,0.701
1945,ExplaiNN,0.757
1946,Dimont,0.486
1947,ChIPMunk,0.538
1948,ProBound,0.42
1949,MEME,0.958
1950,Autoseed,0.862
1951,Homer,0.95
1952,STREME,0.824
1953,DimontHTS,0.764
1954,ExplaiNN,0.704
1955,Dimont,0.943
1956,ChIPMunk,0.448
1957,ProBound,0.889
1958,MEME,0.968
1959,Autoseed,0.931
1960,Homer,0.965
1961,STREME,0.916
1962,DimontHTS,0.774
1963,ExplaiNN,0.455
1964,Dimont,0.956
1965,ChIPMunk,0.925
1966,ProBound,0.911
1967,MEME,0.833
1968,Autoseed,0.629
1969,Homer,0.813
1970,STREME,0.803
1971,DimontHTS,0.4
1972,ExplaiNN,0.497
1973,Dimont,0.972
1974,ChIPMunk,0.938
1975,ProBound,0.964
1976,MEME,0.77
1977,Autoseed,0.716
1978,Homer,0.766
1979,STREME,0.753
1980,DimontHTS,0.889
1981,ExplaiNN,0.819
1982,Dimont,0.863
1983,ChIPMunk,0.969
1984,ProBound,0.736
1985,MEME,0.815
1986,Autoseed,0.699
1987,Homer,0.8
1988,STREME,0.72
1989,DimontHTS,0.948
1990,ExplaiNN,0.809
1991,Dimont,0.839
1992,ChIPMunk,0.849
1993,ProBound,0.767
1994,MEME,0.916
1995,Autoseed,0.469
1996,Homer,0.906
1997,STREME,0.527
1998,DimontHTS,0.614
1999,ExplaiNN,0.968
2000,Dimont,0.854
2001,ChIPMunk,0.779
2002,ProBound,0.817
2003,MEME,0.764
2004,Autoseed,0.963
2005,Homer,0.761
2006,STREME,0.846
2007,DimontHTS,0.672
2008,ExplaiNN,0.806
2009,Dimont,0.939
2010,ChIPMunk,0.873
2011,ProBound,0.905
2012,MEME,0.706
2013,Autoseed,0.951
2014,Homer,0.716
2015,STREME,0.914
2016,DimontHTS,0.668
2017,ExplaiNN,0.744
2018,Dimont,0.875
2019,ChIPMunk,0.924
2020,ProBound,0.832
2021,MEME,0.685
2022,Autoseed,0.902
2023,Homer,0.489
2024,STREME,0.487
2025,DimontHTS,0.491
2026,ExplaiNN,0.77
2027,Dimont,0.766
2028,ChIPMunk,0.744
2029,ProBound,0.761
2030,MEME,0.485
2031,Autoseed,0.945
2032,Homer,0.86
2033,STREME,0.927
2034,DimontHTS,0.948
2035,ExplaiNN,0.782
2036,Dimont,0.748
2037,ChIPMunk,0.787
2038,ProBound,0.737
2039,MEME,0.845
2040,Autoseed,0.79
2041,Homer,0.845
2042,STREME,0.939
2043,DimontHTS,0.933
2044,ExplaiNN,0.828
2045,Dimont,0.407
2046,ChIPMunk,0.766
2047,ProBound,0.386
2048,MEME,0.929
2049,Autoseed,0.634
2050,Homer,0.609
2051,STREME,0.515
2052,DimontHTS,0.802
2053,ExplaiNN,0.641
2054,Dimont,0.906
2055,ChIPMunk,0.562
2056,ProBound,0.789
2057,MEME,0.477
2058,Autoseed,0.963
2059,Homer,0.899
2060,STREME,0.961
2061,DimontHTS,0.91
2062,ExplaiNN,0.715
2063,Dimont,0.962
2064,ChIPMunk,0.892
2065,ProBound,0.845
2066,MEME,0.937
2067,Autoseed,0.964
2068,Homer,0.915
2069,STREME,0.951
2070,DimontHTS,0.809
2071,ExplaiNN,0.449
2072,Dimont,0.707
2073,ChIPMunk,0.926
2074,ProBound,0.393
2075,MEME,0.941
2076,Autoseed,0.892
2077,Homer,0.484
2078,STREME,0.912
2079,DimontHTS,0.551
2080,ExplaiNN,0.878
2081,Dimont,0.948
2082,ChIPMunk,0.561
2083,ProBound,0.817
2084,MEME,0.499
2085,Autoseed,0.958
2086,Homer,0.957
2087,STREME,0.948
2088,DimontHTS,0.889
2089,ExplaiNN,0.921
2090,Dimont,0.956
2091,ChIPMunk,0.917
2092,ProBound,0.838
2093,MEME,0.966
2094,Autoseed,0.337
2095,Homer,0.95
2096,STREME,0.812
2097,DimontHTS,0.914
2098,ExplaiNN,0.652
2099,Dimont,0.496
2100,ChIPMunk,0.925
2101,ProBound,0.464
2102,MEME,0.95
2103,Autoseed,0.565
2104,Homer,0.901
2105,STREME,0.644
2106,DimontHTS,0.783
2107,ExplaiNN,0.566
2108,Dimont,0.974
2109,ChIPMunk,0.681
2110,ProBound,0.948
2111,MEME,0.918
2112,Autoseed,0.692
2113,Homer,0.943
2114,STREME,0.909
2115,DimontHTS,0.894
2116,ExplaiNN,0.565
2117,Dimont,0.948
2118,ChIPMunk,0.973
2119,ProBound,0.926
2120,MEME,0.941
2121,Autoseed,0.464
2122,Homer,0.785
2123,STREME,0.931
2124,DimontHTS,0.481
2125,ExplaiNN,0.593
2126,Dimont,0.885
2127,ChIPMunk,0.952
2128,ProBound,0.904
2129,MEME,0.81
2130,Homer,0.797
2131,STREME,0.881
2132,DimontHTS,0.657
2133,ExplaiNN,0.943
2134,Dimont,0.912
2135,ChIPMunk,0.913
2136,ProBound,0.923
2137,MEME,0.624
2138,Homer,0.958
2139,STREME,0.956
2140,DimontHTS,0.666
2141,ExplaiNN,0.927
2142,Dimont,0.868
2143,ChIPMunk,0.943
2144,ProBound,0.836
2145,MEME,0.956
2146,Homer,0.959
2147,STREME,0.373
2148,ExplaiNN,0.699
2149,Dimont,0.57
2150,ChIPMunk,0.819
2151,ProBound,0.602
2152,MEME,0.965
2153,Homer,0.929
2154,STREME,0.56
2155,ExplaiNN,0.803
2156,Dimont,0.958
2157,ChIPMunk,0.626
2158,ProBound,0.847
2159,MEME,0.881
2160,Homer,0.95
2161,STREME,0.724
2162,ExplaiNN,0.865
2163,Dimont,0.962
2164,ChIPMunk,0.959
2165,ProBound,0.855
2166,MEME,0.958
2167,Homer,0.326
2168,STREME,0.526
2169,ExplaiNN,0.687
2170,Dimont,0.964
2171,ChIPMunk,0.969
2172,ProBound,0.828
2173,MEME,0.368
2174,Homer,0.515
2175,ExplaiNN,0.954
2176,Dimont,0.962
2177,ChIPMunk,0.934
2178,ProBound,0.943
2179,MEME,0.564
2180,Homer,0.722
2181,ExplaiNN,0.96
2182,Dimont,0.366
2183,ChIPMunk,0.965
2184,ProBound,0.507
2185,MEME,0.734
2186,Homer,0.445
2187,ExplaiNN,0.79
2188,Dimont,0.553
2189,ChIPMunk,0.399
2190,ProBound,0.708
2191,MEME,0.531
2192,ExplaiNN,0.951
2193,Dimont,0.684
2194,ChIPMunk,0.589
2195,ProBound,0.431
2196,ExplaiNN,0.554
2197,Dimont,0.659
2198,ChIPMunk,0.845
2199,ExplaiNN,0.613
2200,ChIPMunk,0.604
2201,ExplaiNN,0.639
2202,ExplaiNN,0.67
